1,Char At Test,a,0,a
2,Char At Test,b,0,b
3,Char At Test,c,0,c
4,Char At Test,d,0,d
5,Char At Test,e,0,e
6,Char At Test,f,0,f
7,Char At Test,g,0,g
8,Char At Test,h,0,h
9,Char At Test,i,0,i
10,Char At Test,j,0,j
11,Char At Test,k,0,k
12,Char At Test,l,0,l
13,Char At Test,m,0,m
14,Char At Test,n,0,n
15,Char At Test,o,0,o
16,Char At Test,p,0,p
17,Char At Test,q,0,q
18,Char At Test,r,0,r
19,Char At Test,s,0,s
20,Char At Test,t,0,t
21,Char At Test,u,0,u
22,Char At Test,v,0,v
23,Char At Test,w,0,w
24,Char At Test,x,0,x
25,Char At Test,y,0,y
26,Char At Test,z,0,z
27,Char At Test,thisisatest,0,t
28,Char At Test,thisisatest,1,h
29,Char At Test,thisisatest,2,i
30,Char At Test,thisisatest,3,s
31,Char At Test,thisisatest,-1,{
32,Char At Test,thisisatest,11,{
33,Lookup Key Test,test,true
34,Lookup Key Test,t,true
35,Lookup Key Test,te,false
36,Lookup Key Test,tester,false
37,Lookup Key Test,hello,false
38,Insert Key Test,test
39,Insert Key Test,t
40,Insert Key Test,t,test
41,Insert Key Test,test,t
42,Insert Key Test,test,test,t
43,Insert and Lookup,shuffled,10
44,Insert and Lookup,shuffled,20
45,Insert and Lookup,shuffled,30
46,Insert and Lookup,shuffled,40
47,Insert and Lookup,shuffled,50
48,Insert and Lookup,shuffled,60
49,Insert and Lookup,shuffled,70
50,Insert and Lookup,shuffled,80
51,Insert and Lookup,shuffled,90
52,Insert and Lookup,shuffled,100
53,Insert and Lookup,shuffled,110
54,Insert and Lookup,shuffled,120
55,Insert and Lookup,shuffled,130
56,Insert and Lookup,shuffled,140
57,Insert and Lookup,shuffled,150
58,Insert and Lookup,shuffled,160
59,Insert and Lookup,shuffled,170
60,Insert and Lookup,shuffled,180
61,Insert and Lookup,shuffled,190
62,Insert and Lookup,shuffled,200
63,Insert and Lookup,shuffled,210
64,Insert and Lookup,shuffled,220
65,Insert and Lookup,shuffled,230
66,Insert and Lookup,shuffled,240
67,Insert and Lookup,shuffled,250
68,Insert and Lookup,shuffled,260
69,Insert and Lookup,shuffled,270
70,Insert and Lookup,shuffled,280
71,Insert and Lookup,shuffled,290
72,Insert and Lookup,shuffled,300
73,Insert and Lookup,shuffled,310
74,Insert and Lookup,shuffled,320
75,Insert and Lookup,shuffled,330
76,Insert and Lookup,shuffled,340
77,Insert and Lookup,shuffled,350
78,Insert and Lookup,shuffled,360
79,Insert and Lookup,shuffled,370
80,Insert and Lookup,shuffled,380
81,Insert and Lookup,shuffled,390
82,Insert and Lookup,shuffled,400
83,Insert and Lookup,shuffled,410
84,Insert and Lookup,shuffled,420
85,Insert and Lookup,shuffled,430
86,Insert and Lookup,shuffled,440
87,Insert and Lookup,shuffled,450
88,Insert and Lookup,shuffled,460
89,Insert and Lookup,shuffled,470
90,Insert and Lookup,shuffled,480
91,Insert and Lookup,shuffled,490
92,Insert and Lookup,shuffled,500
93,Insert and Lookup,shuffled,510
94,Insert and Lookup,shuffled,520
95,Insert and Lookup,shuffled,530
96,Insert and Lookup,shuffled,540
97,Insert and Lookup,shuffled,550
98,Insert and Lookup,shuffled,560
99,Insert and Lookup,shuffled,570
100,Insert and Lookup,shuffled,580
101,Insert and Lookup,shuffled,590
102,Insert and Lookup,shuffled,600
103,Insert and Lookup,shuffled,610
104,Insert and Lookup,shuffled,620
105,Insert and Lookup,shuffled,630
106,Insert and Lookup,shuffled,640
107,Insert and Lookup,shuffled,650
108,Insert and Lookup,shuffled,660
109,Insert and Lookup,shuffled,670
110,Insert and Lookup,shuffled,680
111,Insert and Lookup,shuffled,690
112,Insert and Lookup,shuffled,700
113,Insert and Lookup,shuffled,710
114,Insert and Lookup,shuffled,720
115,Insert and Lookup,shuffled,730
116,Insert and Lookup,shuffled,740
117,Insert and Lookup,shuffled,750
118,Insert and Lookup,shuffled,760
119,Insert and Lookup,shuffled,770
120,Insert and Lookup,shuffled,780
121,Insert and Lookup,shuffled,790
122,Insert and Lookup,shuffled,800
123,Insert and Lookup,shuffled,810
124,Insert and Lookup,shuffled,820
125,Insert and Lookup,shuffled,830
126,Insert and Lookup,shuffled,840
127,Insert and Lookup,shuffled,850
128,Insert and Lookup,shuffled,860
129,Insert and Lookup,shuffled,870
130,Insert and Lookup,shuffled,880
131,Insert and Lookup,shuffled,890
132,Insert and Lookup,shuffled,900
133,Insert and Lookup,shuffled,910
134,Insert and Lookup,shuffled,920
135,Insert and Lookup,shuffled,930
136,Insert and Lookup,shuffled,940
137,Insert and Lookup,shuffled,950
138,Insert and Lookup,shuffled,960
139,Insert and Lookup,shuffled,970
140,Insert and Lookup,shuffled,980
141,Insert and Lookup,shuffled,990
142,Insert and Lookup,shuffled,1000
143,Insert and Lookup,shuffled,1010
144,Insert and Lookup,shuffled,1020
145,Insert and Lookup,shuffled,1030
146,Insert and Lookup,shuffled,1040
147,Insert and Lookup,shuffled,1050
148,Insert and Lookup,shuffled,1060
149,Insert and Lookup,shuffled,1070
150,Insert and Lookup,shuffled,1080
151,Insert and Lookup,shuffled,1090
152,Insert and Lookup,shuffled,1100
153,Insert and Lookup,shuffled,1110
154,Insert and Lookup,shuffled,1120
155,Insert and Lookup,shuffled,1130
156,Insert and Lookup,shuffled,1140
157,Insert and Lookup,shuffled,1150
158,Insert and Lookup,shuffled,1160
159,Insert and Lookup,shuffled,1170
160,Insert and Lookup,shuffled,1180
161,Insert and Lookup,shuffled,1190
162,Insert and Lookup,shuffled,1200
163,Insert and Lookup,shuffled,1210
164,Insert and Lookup,shuffled,1220
165,Insert and Lookup,shuffled,1230
166,Insert and Lookup,shuffled,1240
167,Insert and Lookup,shuffled,1250
168,Insert and Lookup,shuffled,1260
169,Insert and Lookup,shuffled,1270
170,Insert and Lookup,shuffled,1280
171,Insert and Lookup,shuffled,1290
172,Insert and Lookup,shuffled,1300
173,Insert and Lookup,shuffled,1310
174,Insert and Lookup,shuffled,1320
175,Insert and Lookup,shuffled,1330
176,Insert and Lookup,shuffled,1340
177,Insert and Lookup,shuffled,1350
178,Insert and Lookup,shuffled,1360
179,Insert and Lookup,shuffled,1370
180,Insert and Lookup,shuffled,1380
181,Insert and Lookup,shuffled,1390
182,Insert and Lookup,shuffled,1400
183,Insert and Lookup,shuffled,1410
184,Insert and Lookup,shuffled,1420
185,Insert and Lookup,shuffled,1430
186,Insert and Lookup,shuffled,1440
187,Insert and Lookup,shuffled,1450
188,Insert and Lookup,shuffled,1460
189,Insert and Lookup,shuffled,1470
190,Insert and Lookup,shuffled,1480
191,Insert and Lookup,shuffled,1490
192,Insert and Lookup,shuffled,1500
193,Insert and Lookup,shuffled,1510
194,Insert and Lookup,shuffled,1520
195,Insert and Lookup,shuffled,1530
196,Insert and Lookup,shuffled,1540
197,Insert and Lookup,shuffled,1550
198,Insert and Lookup,shuffled,1560
199,Insert and Lookup,shuffled,1570
200,Insert and Lookup,shuffled,1580
201,Insert and Lookup,shuffled,1590
202,Insert and Lookup,shuffled,1600
203,Insert and Lookup,shuffled,1610
204,Insert and Lookup,shuffled,1620
205,Insert and Lookup,shuffled,1630
206,Insert and Lookup,shuffled,1640
207,Insert and Lookup,shuffled,1650
208,Insert and Lookup,shuffled,1660
209,Insert and Lookup,shuffled,1670
210,Insert and Lookup,shuffled,1680
211,Insert and Lookup,shuffled,1690
212,Insert and Lookup,shuffled,1700
213,Insert and Lookup,shuffled,1710
214,Insert and Lookup,shuffled,1720
215,Insert and Lookup,shuffled,1730
216,Insert and Lookup,shuffled,1740
217,Insert and Lookup,shuffled,1750
218,Insert and Lookup,shuffled,1760
219,Insert and Lookup,shuffled,1770
220,Insert and Lookup,shuffled,1780
221,Insert and Lookup,shuffled,1790
222,Insert and Lookup,shuffled,1800
223,Insert and Lookup,shuffled,1810
224,Insert and Lookup,shuffled,1820
225,Insert and Lookup,shuffled,1830
226,Insert and Lookup,shuffled,1840
227,Insert and Lookup,shuffled,1850
228,Insert and Lookup,shuffled,1860
229,Insert and Lookup,shuffled,1870
230,Insert and Lookup,shuffled,1880
231,Insert and Lookup,shuffled,1890
232,Insert and Lookup,shuffled,1900
233,Insert and Lookup,shuffled,1910
234,Insert and Lookup,shuffled,1920
235,Insert and Lookup,shuffled,1930
236,Insert and Lookup,shuffled,1940
237,Insert and Lookup,shuffled,1950
238,Insert and Lookup,shuffled,1960
239,Insert and Lookup,shuffled,1970
240,Insert and Lookup,shuffled,1980
241,Insert and Lookup,shuffled,1990
242,Insert and Lookup,shuffled,2000
243,Insert and Lookup,shuffled,2010
244,Insert and Lookup,shuffled,2020
245,Insert and Lookup,shuffled,2030
246,Insert and Lookup,shuffled,2040
247,Insert and Lookup,shuffled,2050
248,Insert and Lookup,shuffled,2060
249,Insert and Lookup,shuffled,2070
250,Insert and Lookup,shuffled,2080
251,Insert and Lookup,shuffled,2090
252,Insert and Lookup,shuffled,2100
253,Insert and Lookup,shuffled,2110
254,Insert and Lookup,shuffled,2120
255,Insert and Lookup,shuffled,2130
256,Insert and Lookup,shuffled,2140
257,Insert and Lookup,shuffled,2150
258,Insert and Lookup,shuffled,2160
259,Insert and Lookup,shuffled,2170
260,Insert and Lookup,shuffled,2180
261,Insert and Lookup,shuffled,2190
262,Insert and Lookup,shuffled,2200
263,Insert and Lookup,shuffled,2210
264,Insert and Lookup,shuffled,2220
265,Insert and Lookup,shuffled,2230
266,Insert and Lookup,shuffled,2240
267,Insert and Lookup,shuffled,2250
268,Insert and Lookup,shuffled,2260
269,Insert and Lookup,shuffled,2270
270,Insert and Lookup,shuffled,2280
271,Insert and Lookup,shuffled,2290
272,Insert and Lookup,shuffled,2300
273,Insert and Lookup,shuffled,2310
274,Insert and Lookup,shuffled,2320
275,Insert and Lookup,shuffled,2330
276,Insert and Lookup,shuffled,2340
277,Insert and Lookup,shuffled,2350
278,Insert and Lookup,shuffled,2360
279,Insert and Lookup,shuffled,2370
280,Insert and Lookup,shuffled,2380
281,Insert and Lookup,shuffled,2390
282,Insert and Lookup,shuffled,2400
283,Insert and Lookup,shuffled,2410
284,Insert and Lookup,shuffled,2420
285,Insert and Lookup,shuffled,2430
286,Insert and Lookup,shuffled,2440
287,Insert and Lookup,shuffled,2450
288,Insert and Lookup,shuffled,2460
289,Insert and Lookup,shuffled,2470
290,Insert and Lookup,shuffled,2480
291,Insert and Lookup,shuffled,2490
292,Insert and Lookup,shuffled,2500
293,Insert and Lookup,shuffled,2510
294,Insert and Lookup,shuffled,2520
295,Insert and Lookup,shuffled,2530
296,Insert and Lookup,shuffled,2540
297,Insert and Lookup,shuffled,2550
298,Insert and Lookup,shuffled,2560
299,Insert and Lookup,shuffled,2570
300,Insert and Lookup,shuffled,2580
301,Insert and Lookup,shuffled,2590
302,Insert and Lookup,shuffled,2600
303,Insert and Lookup,shuffled,2610
304,Insert and Lookup,shuffled,2620
305,Insert and Lookup,shuffled,2630
306,Insert and Lookup,shuffled,2640
307,Insert and Lookup,shuffled,2650
308,Insert and Lookup,shuffled,2660
309,Insert and Lookup,shuffled,2670
310,Insert and Lookup,shuffled,2680
311,Insert and Lookup,shuffled,2690
312,Insert and Lookup,shuffled,2700
313,Insert and Lookup,shuffled,2710
314,Insert and Lookup,shuffled,2720
315,Insert and Lookup,shuffled,2730
316,Insert and Lookup,shuffled,2740
317,Insert and Lookup,shuffled,2750
318,Insert and Lookup,shuffled,2760
319,Insert and Lookup,shuffled,2770
320,Insert and Lookup,shuffled,2780
321,Insert and Lookup,shuffled,2790
322,Insert and Lookup,shuffled,2800
323,Insert and Lookup,shuffled,2810
324,Insert and Lookup,shuffled,2820
325,Insert and Lookup,shuffled,2830
326,Insert and Lookup,shuffled,2840
327,Insert and Lookup,shuffled,2850
328,Insert and Lookup,shuffled,2860
329,Insert and Lookup,shuffled,2870
330,Insert and Lookup,shuffled,2880
331,Insert and Lookup,shuffled,2890
332,Insert and Lookup,shuffled,2900
333,Insert and Lookup,shuffled,2910
334,Insert and Lookup,shuffled,2920
335,Insert and Lookup,shuffled,2930
336,Insert and Lookup,shuffled,2940
337,Insert and Lookup,shuffled,2950
338,Insert and Lookup,shuffled,2960
339,Insert and Lookup,shuffled,2970
340,Insert and Lookup,shuffled,2980
341,Insert and Lookup,shuffled,2990
342,Insert and Lookup,shuffled,3000
343,Insert and Lookup,shuffled,3010
344,Insert and Lookup,shuffled,3020
345,Insert and Lookup,shuffled,3030
346,Insert and Lookup,shuffled,3040
347,Insert and Lookup,shuffled,3050
348,Insert and Lookup,shuffled,3060
349,Insert and Lookup,shuffled,3070
350,Insert and Lookup,shuffled,3080
351,Insert and Lookup,shuffled,3090
352,Insert and Lookup,shuffled,3100
353,Insert and Lookup,shuffled,3110
354,Insert and Lookup,shuffled,3120
355,Insert and Lookup,shuffled,3130
356,Insert and Lookup,shuffled,3140
357,Insert and Lookup,shuffled,3150
358,Insert and Lookup,shuffled,3160
359,Insert and Lookup,shuffled,3170
360,Insert and Lookup,shuffled,3180
361,Insert and Lookup,shuffled,3190
362,Insert and Lookup,shuffled,3200
363,Insert and Lookup,shuffled,3210
364,Insert and Lookup,shuffled,3220
365,Insert and Lookup,shuffled,3230
366,Insert and Lookup,shuffled,3240
367,Insert and Lookup,shuffled,3250
368,Insert and Lookup,shuffled,3260
369,Insert and Lookup,shuffled,3270
370,Insert and Lookup,shuffled,3280
371,Insert and Lookup,shuffled,3290
372,Insert and Lookup,shuffled,3300
373,Insert and Lookup,shuffled,3310
374,Insert and Lookup,shuffled,3320
375,Insert and Lookup,shuffled,3330
376,Insert and Lookup,shuffled,3340
377,Insert and Lookup,shuffled,3350
378,Insert and Lookup,shuffled,3360
379,Insert and Lookup,shuffled,3370
380,Insert and Lookup,shuffled,3380
381,Insert and Lookup,shuffled,3390
382,Insert and Lookup,shuffled,3400
383,Insert and Lookup,shuffled,3410
384,Insert and Lookup,shuffled,3420
385,Insert and Lookup,shuffled,3430
386,Insert and Lookup,shuffled,3440
387,Insert and Lookup,shuffled,3450
388,Insert and Lookup,shuffled,3460
389,Insert and Lookup,shuffled,3470
390,Insert and Lookup,shuffled,3480
391,Insert and Lookup,shuffled,3490
392,Insert and Lookup,shuffled,3500
393,Insert and Lookup,shuffled,3510
394,Insert and Lookup,shuffled,3520
395,Insert and Lookup,shuffled,3530
396,Insert and Lookup,shuffled,3540
397,Insert and Lookup,shuffled,3550
398,Insert and Lookup,shuffled,3560
399,Insert and Lookup,shuffled,3570
400,Insert and Lookup,shuffled,3580
401,Insert and Lookup,shuffled,3590
402,Insert and Lookup,shuffled,3600
403,Insert and Lookup,shuffled,3610
404,Insert and Lookup,shuffled,3620
405,Insert and Lookup,shuffled,3630
406,Insert and Lookup,shuffled,3640
407,Insert and Lookup,shuffled,3650
408,Insert and Lookup,shuffled,3660
409,Insert and Lookup,shuffled,3670
410,Insert and Lookup,shuffled,3680
411,Insert and Lookup,shuffled,3690
412,Insert and Lookup,shuffled,3700
413,Insert and Lookup,shuffled,3710
414,Insert and Lookup,shuffled,3720
415,Insert and Lookup,shuffled,3730
416,Insert and Lookup,shuffled,3740
417,Insert and Lookup,shuffled,3750
418,Insert and Lookup,shuffled,3760
419,Insert and Lookup,shuffled,3770
420,Insert and Lookup,shuffled,3780
421,Insert and Lookup,shuffled,3790
422,Insert and Lookup,shuffled,3800
423,Insert and Lookup,shuffled,3810
424,Insert and Lookup,shuffled,3820
425,Insert and Lookup,shuffled,3830
426,Insert and Lookup,shuffled,3840
427,Insert and Lookup,shuffled,3850
428,Insert and Lookup,shuffled,3860
429,Insert and Lookup,shuffled,3870
430,Insert and Lookup,shuffled,3880
431,Insert and Lookup,shuffled,3890
432,Insert and Lookup,shuffled,3900
433,Insert and Lookup,shuffled,3910
434,Insert and Lookup,shuffled,3920
435,Insert and Lookup,shuffled,3930
436,Insert and Lookup,shuffled,3940
437,Insert and Lookup,shuffled,3950
438,Insert and Lookup,shuffled,3960
439,Insert and Lookup,shuffled,3970
440,Insert and Lookup,shuffled,3980
441,Insert and Lookup,shuffled,3990
442,Insert and Lookup,shuffled,4000
443,Insert and Lookup,shuffled,4010
444,Insert and Lookup,shuffled,4020
445,Insert and Lookup,shuffled,4030
446,Insert and Lookup,shuffled,4040
447,Insert and Lookup,shuffled,4050
448,Insert and Lookup,shuffled,4060
449,Insert and Lookup,shuffled,4070
450,Insert and Lookup,shuffled,4080
451,Insert and Lookup,shuffled,4090
452,Insert and Lookup,shuffled,4100
453,Insert and Lookup,shuffled,4110
454,Insert and Lookup,shuffled,4120
455,Insert and Lookup,shuffled,4130
456,Insert and Lookup,shuffled,4140
457,Insert and Lookup,shuffled,4150
458,Insert and Lookup,shuffled,4160
459,Insert and Lookup,shuffled,4170
460,Insert and Lookup,shuffled,4180
461,Insert and Lookup,shuffled,4190
462,Insert and Lookup,shuffled,4200
463,Insert and Lookup,shuffled,4210
464,Insert and Lookup,shuffled,4220
465,Insert and Lookup,shuffled,4230
466,Insert and Lookup,shuffled,4240
467,Insert and Lookup,shuffled,4250
468,Insert and Lookup,shuffled,4260
469,Insert and Lookup,shuffled,4270
470,Insert and Lookup,shuffled,4280
471,Insert and Lookup,shuffled,4290
472,Insert and Lookup,shuffled,4300
473,Insert and Lookup,shuffled,4310
474,Insert and Lookup,shuffled,4320
475,Insert and Lookup,shuffled,4330
476,Insert and Lookup,shuffled,4340
477,Insert and Lookup,shuffled,4350
478,Insert and Lookup,shuffled,4360
479,Insert and Lookup,shuffled,4370
480,Insert and Lookup,shuffled,4380
481,Insert and Lookup,shuffled,4390
482,Insert and Lookup,shuffled,4400
483,Insert and Lookup,shuffled,4410
484,Insert and Lookup,shuffled,4420
485,Insert and Lookup,shuffled,4430
486,Insert and Lookup,shuffled,4440
487,Insert and Lookup,shuffled,4450
488,Insert and Lookup,shuffled,4460
489,Insert and Lookup,shuffled,4470
490,Insert and Lookup,shuffled,4480
491,Insert and Lookup,shuffled,4490
492,Insert and Lookup,shuffled,4500
493,Insert and Lookup,shuffled,4510
494,Insert and Lookup,shuffled,4520
495,Insert and Lookup,shuffled,4530
496,Insert and Lookup,shuffled,4540
497,Insert and Lookup,shuffled,4550
498,Insert and Lookup,shuffled,4560
499,Insert and Lookup,shuffled,4570
500,Insert and Lookup,shuffled,4580
501,Insert and Lookup,shuffled,4590
502,Insert and Lookup,shuffled,4600
503,Insert and Lookup,shuffled,4610
504,Insert and Lookup,shuffled,4620
505,Insert and Lookup,shuffled,4630
506,Insert and Lookup,shuffled,4640
507,Insert and Lookup,shuffled,4650
508,Insert and Lookup,shuffled,4660
509,Insert and Lookup,shuffled,4670
510,Insert and Lookup,shuffled,4680
511,Insert and Lookup,shuffled,4690
512,Insert and Lookup,shuffled,4700
513,Insert and Lookup,shuffled,4710
514,Insert and Lookup,shuffled,4720
515,Insert and Lookup,shuffled,4730
516,Insert and Lookup,shuffled,4740
517,Insert and Lookup,shuffled,4750
518,Insert and Lookup,shuffled,4760
519,Insert and Lookup,shuffled,4770
520,Insert and Lookup,shuffled,4780
521,Insert and Lookup,shuffled,4790
522,Insert and Lookup,shuffled,4800
523,Insert and Lookup,shuffled,4810
524,Insert and Lookup,shuffled,4820
525,Insert and Lookup,shuffled,4830
526,Insert and Lookup,shuffled,4840
527,Insert and Lookup,shuffled,4850
528,Insert and Lookup,shuffled,4860
529,Insert and Lookup,shuffled,4870
530,Insert and Lookup,shuffled,4880
531,Insert and Lookup,shuffled,4890
532,Insert and Lookup,shuffled,4900
533,Insert and Lookup,shuffled,4910
534,Insert and Lookup,shuffled,4920
535,Insert and Lookup,shuffled,4930
536,Insert and Lookup,shuffled,4940
537,Insert and Lookup,shuffled,4950
538,Insert and Lookup,shuffled,4960
539,Insert and Lookup,shuffled,4970
540,Insert and Lookup,shuffled,4980
541,Insert and Lookup,shuffled,4990
542,Insert and Lookup,shuffled,5000
543,Insert and Lookup,shuffled,5010
544,Insert and Lookup,shuffled,5020
545,Insert and Lookup,shuffled,5030
546,Insert and Lookup,shuffled,5040
547,Insert and Lookup,shuffled,5050
548,Insert and Lookup,shuffled,5060
549,Insert and Lookup,shuffled,5070
550,Insert and Lookup,shuffled,5080
551,Insert and Lookup,shuffled,5090
552,Insert and Lookup,shuffled,5100
553,Insert and Lookup,shuffled,5110
554,Insert and Lookup,shuffled,5120
555,Insert and Lookup,shuffled,5130
556,Insert and Lookup,shuffled,5140
557,Insert and Lookup,shuffled,5150
558,Insert and Lookup,shuffled,5160
559,Insert and Lookup,shuffled,5170
560,Insert and Lookup,shuffled,5180
561,Insert and Lookup,shuffled,5190
562,Insert and Lookup,shuffled,5200
563,Insert and Lookup,shuffled,5210
564,Insert and Lookup,shuffled,5220
565,Insert and Lookup,shuffled,5230
566,Insert and Lookup,shuffled,5240
567,Insert and Lookup,shuffled,5250
568,Insert and Lookup,shuffled,5260
569,Insert and Lookup,shuffled,5270
570,Insert and Lookup,shuffled,5280
571,Insert and Lookup,shuffled,5290
572,Insert and Lookup,shuffled,5300
573,Insert and Lookup,shuffled,5310
574,Insert and Lookup,shuffled,5320
575,Insert and Lookup,shuffled,5330
576,Insert and Lookup,shuffled,5340
577,Insert and Lookup,shuffled,5350
578,Insert and Lookup,shuffled,5360
579,Insert and Lookup,shuffled,5370
580,Insert and Lookup,shuffled,5380
581,Insert and Lookup,shuffled,5390
582,Insert and Lookup,shuffled,5400
583,Insert and Lookup,shuffled,5410
584,Insert and Lookup,shuffled,5420
585,Insert and Lookup,shuffled,5430
586,Insert and Lookup,shuffled,5440
587,Insert and Lookup,shuffled,5450
588,Insert and Lookup,shuffled,5460
589,Insert and Lookup,shuffled,5470
590,Insert and Lookup,shuffled,5480
591,Insert and Lookup,shuffled,5490
592,Insert and Lookup,shuffled,5500
593,Insert and Lookup,shuffled,5510
594,Insert and Lookup,shuffled,5520
595,Insert and Lookup,shuffled,5530
596,Insert and Lookup,shuffled,5540
597,Insert and Lookup,shuffled,5550
598,Insert and Lookup,shuffled,5560
599,Insert and Lookup,shuffled,5570
600,Insert and Lookup,shuffled,5580
601,Insert and Lookup,shuffled,5590
602,Insert and Lookup,shuffled,5600
603,Insert and Lookup,shuffled,5610
604,Insert and Lookup,shuffled,5620
605,Insert and Lookup,shuffled,5630
606,Insert and Lookup,shuffled,5640
607,Insert and Lookup,shuffled,5650
608,Insert and Lookup,shuffled,5660
609,Insert and Lookup,shuffled,5670
610,Insert and Lookup,shuffled,5680
611,Insert and Lookup,shuffled,5690
612,Insert and Lookup,shuffled,5700
613,Insert and Lookup,shuffled,5710
614,Insert and Lookup,shuffled,5720
615,Insert and Lookup,shuffled,5730
616,Insert and Lookup,shuffled,5740
617,Insert and Lookup,shuffled,5750
618,Insert and Lookup,shuffled,5760
619,Insert and Lookup,shuffled,5770
620,Insert and Lookup,shuffled,5780
621,Insert and Lookup,shuffled,5790
622,Insert and Lookup,shuffled,5800
623,Insert and Lookup,shuffled,5810
624,Insert and Lookup,shuffled,5820
625,Insert and Lookup,shuffled,5830
626,Insert and Lookup,shuffled,5840
627,Insert and Lookup,shuffled,5850
628,Insert and Lookup,shuffled,5860
629,Insert and Lookup,shuffled,5870
630,Insert and Lookup,shuffled,5880
631,Insert and Lookup,shuffled,5890
632,Insert and Lookup,shuffled,5900
633,Insert and Lookup,shuffled,5910
634,Insert and Lookup,shuffled,5920
635,Insert and Lookup,shuffled,5930
636,Insert and Lookup,shuffled,5940
637,Insert and Lookup,shuffled,5950
638,Insert and Lookup,shuffled,5960
639,Insert and Lookup,shuffled,5970
640,Insert and Lookup,shuffled,5980
641,Insert and Lookup,shuffled,5990
642,Insert and Lookup,shuffled,6000
643,Insert and Lookup,shuffled,6010
644,Insert and Lookup,shuffled,6020
645,Insert and Lookup,shuffled,6030
646,Insert and Lookup,shuffled,6040
647,Insert and Lookup,shuffled,6050
648,Insert and Lookup,shuffled,6060
649,Insert and Lookup,shuffled,6070
650,Insert and Lookup,shuffled,6080
651,Insert and Lookup,shuffled,6090
652,Insert and Lookup,shuffled,6100
653,Insert and Lookup,shuffled,6110
654,Insert and Lookup,shuffled,6120
655,Insert and Lookup,shuffled,6130
656,Insert and Lookup,shuffled,6140
657,Insert and Lookup,shuffled,6150
658,Insert and Lookup,shuffled,6160
659,Insert and Lookup,shuffled,6170
660,Insert and Lookup,shuffled,6180
661,Insert and Lookup,shuffled,6190
662,Insert and Lookup,shuffled,6200
663,Insert and Lookup,shuffled,6210
664,Insert and Lookup,shuffled,6220
665,Insert and Lookup,shuffled,6230
666,Insert and Lookup,shuffled,6240
667,Insert and Lookup,shuffled,6250
668,Insert and Lookup,shuffled,6260
669,Insert and Lookup,shuffled,6270
670,Insert and Lookup,shuffled,6280
671,Insert and Lookup,shuffled,6290
672,Insert and Lookup,shuffled,6300
673,Insert and Lookup,shuffled,6310
674,Insert and Lookup,shuffled,6320
675,Insert and Lookup,shuffled,6330
676,Insert and Lookup,shuffled,6340
677,Insert and Lookup,shuffled,6350
678,Insert and Lookup,shuffled,6360
679,Insert and Lookup,shuffled,6370
680,Insert and Lookup,shuffled,6380
681,Insert and Lookup,shuffled,6390
682,Insert and Lookup,shuffled,6400
683,Insert and Lookup,shuffled,6410
684,Insert and Lookup,shuffled,6420
685,Insert and Lookup,shuffled,6430
686,Insert and Lookup,shuffled,6440
687,Insert and Lookup,shuffled,6450
688,Insert and Lookup,shuffled,6460
689,Insert and Lookup,shuffled,6470
690,Insert and Lookup,shuffled,6480
691,Insert and Lookup,shuffled,6490
692,Insert and Lookup,shuffled,6500
693,Insert and Lookup,shuffled,6510
694,Insert and Lookup,shuffled,6520
695,Insert and Lookup,shuffled,6530
696,Insert and Lookup,shuffled,6540
697,Insert and Lookup,shuffled,6550
698,Insert and Lookup,shuffled,6560
699,Insert and Lookup,shuffled,6570
700,Insert and Lookup,shuffled,6580
701,Insert and Lookup,shuffled,6590
702,Insert and Lookup,shuffled,6600
703,Insert and Lookup,shuffled,6610
704,Insert and Lookup,shuffled,6620
705,Insert and Lookup,shuffled,6630
706,Insert and Lookup,shuffled,6640
707,Insert and Lookup,shuffled,6650
708,Insert and Lookup,shuffled,6660
709,Insert and Lookup,shuffled,6670
710,Insert and Lookup,shuffled,6680
711,Insert and Lookup,shuffled,6690
712,Insert and Lookup,shuffled,6700
713,Insert and Lookup,shuffled,6710
714,Insert and Lookup,shuffled,6720
715,Insert and Lookup,shuffled,6730
716,Insert and Lookup,shuffled,6740
717,Insert and Lookup,shuffled,6750
718,Insert and Lookup,shuffled,6760
719,Insert and Lookup,shuffled,6770
720,Insert and Lookup,shuffled,6780
721,Insert and Lookup,shuffled,6790
722,Insert and Lookup,shuffled,6800
723,Insert and Lookup,shuffled,6810
724,Insert and Lookup,shuffled,6820
725,Insert and Lookup,shuffled,6830
726,Insert and Lookup,shuffled,6840
727,Insert and Lookup,shuffled,6850
728,Insert and Lookup,shuffled,6860
729,Insert and Lookup,shuffled,6870
730,Insert and Lookup,shuffled,6880
731,Insert and Lookup,shuffled,6890
732,Insert and Lookup,shuffled,6900
733,Insert and Lookup,shuffled,6910
734,Insert and Lookup,shuffled,6920
735,Insert and Lookup,shuffled,6930
736,Insert and Lookup,shuffled,6940
737,Insert and Lookup,shuffled,6950
738,Insert and Lookup,shuffled,6960
739,Insert and Lookup,shuffled,6970
740,Insert and Lookup,shuffled,6980
741,Insert and Lookup,shuffled,6990
742,Insert and Lookup,shuffled,7000
743,Insert and Lookup,shuffled,7010
744,Insert and Lookup,shuffled,7020
745,Insert and Lookup,shuffled,7030
746,Insert and Lookup,shuffled,7040
747,Insert and Lookup,shuffled,7050
748,Insert and Lookup,shuffled,7060
749,Insert and Lookup,shuffled,7070
750,Insert and Lookup,shuffled,7080
751,Insert and Lookup,shuffled,7090
752,Insert and Lookup,shuffled,7100
753,Insert and Lookup,shuffled,7110
754,Insert and Lookup,shuffled,7120
755,Insert and Lookup,shuffled,7130
756,Insert and Lookup,shuffled,7140
757,Insert and Lookup,shuffled,7150
758,Insert and Lookup,shuffled,7160
759,Insert and Lookup,shuffled,7170
760,Insert and Lookup,shuffled,7180
761,Insert and Lookup,shuffled,7190
762,Insert and Lookup,shuffled,7200
763,Insert and Lookup,shuffled,7210
764,Insert and Lookup,shuffled,7220
765,Insert and Lookup,shuffled,7230
766,Insert and Lookup,shuffled,7240
767,Insert and Lookup,shuffled,7250
768,Insert and Lookup,shuffled,7260
769,Insert and Lookup,shuffled,7270
770,Insert and Lookup,shuffled,7280
771,Insert and Lookup,shuffled,7290
772,Insert and Lookup,shuffled,7300
773,Insert and Lookup,shuffled,7310
774,Insert and Lookup,shuffled,7320
775,Insert and Lookup,shuffled,7330
776,Insert and Lookup,shuffled,7340
777,Insert and Lookup,shuffled,7350
778,Insert and Lookup,shuffled,7360
779,Insert and Lookup,shuffled,7370
780,Insert and Lookup,shuffled,7380
781,Insert and Lookup,shuffled,7390
782,Insert and Lookup,shuffled,7400
783,Insert and Lookup,shuffled,7410
784,Insert and Lookup,shuffled,7420
785,Insert and Lookup,shuffled,7430
786,Insert and Lookup,shuffled,7440
787,Insert and Lookup,shuffled,7450
788,Insert and Lookup,shuffled,7460
789,Insert and Lookup,shuffled,7470
790,Insert and Lookup,shuffled,7480
791,Insert and Lookup,shuffled,7490
792,Insert and Lookup,shuffled,7500
793,Insert and Lookup,shuffled,7510
794,Insert and Lookup,shuffled,7520
795,Insert and Lookup,shuffled,7530
796,Insert and Lookup,shuffled,7540
797,Insert and Lookup,shuffled,7550
798,Insert and Lookup,shuffled,7560
799,Insert and Lookup,shuffled,7570
800,Insert and Lookup,shuffled,7580
801,Insert and Lookup,shuffled,7590
802,Insert and Lookup,shuffled,7600
803,Insert and Lookup,shuffled,7610
804,Insert and Lookup,shuffled,7620
805,Insert and Lookup,shuffled,7630
806,Insert and Lookup,shuffled,7640
807,Insert and Lookup,shuffled,7650
808,Insert and Lookup,shuffled,7660
809,Insert and Lookup,shuffled,7670
810,Insert and Lookup,shuffled,7680
811,Insert and Lookup,shuffled,7690
812,Insert and Lookup,shuffled,7700
813,Insert and Lookup,shuffled,7710
814,Insert and Lookup,shuffled,7720
815,Insert and Lookup,shuffled,7730
816,Insert and Lookup,shuffled,7740
817,Insert and Lookup,shuffled,7750
818,Insert and Lookup,shuffled,7760
819,Insert and Lookup,shuffled,7770
820,Insert and Lookup,shuffled,7780
821,Insert and Lookup,shuffled,7790
822,Insert and Lookup,shuffled,7800
823,Insert and Lookup,shuffled,7810
824,Insert and Lookup,shuffled,7820
825,Insert and Lookup,shuffled,7830
826,Insert and Lookup,shuffled,7840
827,Insert and Lookup,shuffled,7850
828,Insert and Lookup,shuffled,7860
829,Insert and Lookup,shuffled,7870
830,Insert and Lookup,shuffled,7880
831,Insert and Lookup,shuffled,7890
832,Insert and Lookup,shuffled,7900
833,Insert and Lookup,shuffled,7910
834,Insert and Lookup,shuffled,7920
835,Insert and Lookup,shuffled,7930
836,Insert and Lookup,shuffled,7940
837,Insert and Lookup,shuffled,7950
838,Insert and Lookup,shuffled,7960
839,Insert and Lookup,shuffled,7970
840,Insert and Lookup,shuffled,7980
841,Insert and Lookup,shuffled,7990
842,Insert and Lookup,shuffled,8000
843,Insert and Lookup,shuffled,8010
844,Insert and Lookup,shuffled,8020
845,Insert and Lookup,shuffled,8030
846,Insert and Lookup,shuffled,8040
847,Insert and Lookup,shuffled,8050
848,Insert and Lookup,shuffled,8060
849,Insert and Lookup,shuffled,8070
850,Insert and Lookup,shuffled,8080
851,Insert and Lookup,shuffled,8090
852,Insert and Lookup,shuffled,8100
853,Insert and Lookup,shuffled,8110
854,Insert and Lookup,shuffled,8120
855,Insert and Lookup,shuffled,8130
856,Insert and Lookup,shuffled,8140
857,Insert and Lookup,shuffled,8150
858,Insert and Lookup,shuffled,8160
859,Insert and Lookup,shuffled,8170
860,Insert and Lookup,shuffled,8180
861,Insert and Lookup,shuffled,8190
862,Insert and Lookup,shuffled,8200
863,Insert and Lookup,shuffled,8210
864,Insert and Lookup,shuffled,8220
865,Insert and Lookup,shuffled,8230
866,Insert and Lookup,shuffled,8240
867,Insert and Lookup,shuffled,8250
868,Insert and Lookup,shuffled,8260
869,Insert and Lookup,shuffled,8270
870,Insert and Lookup,shuffled,8280
871,Insert and Lookup,shuffled,8290
872,Insert and Lookup,shuffled,8300
873,Insert and Lookup,shuffled,8310
874,Insert and Lookup,shuffled,8320
875,Insert and Lookup,shuffled,8330
876,Insert and Lookup,shuffled,8340
877,Insert and Lookup,shuffled,8350
878,Insert and Lookup,shuffled,8360
879,Insert and Lookup,shuffled,8370
880,Insert and Lookup,shuffled,8380
881,Insert and Lookup,shuffled,8390
882,Insert and Lookup,shuffled,8400
883,Insert and Lookup,shuffled,8410
884,Insert and Lookup,shuffled,8420
885,Insert and Lookup,shuffled,8430
886,Insert and Lookup,shuffled,8440
887,Insert and Lookup,shuffled,8450
888,Insert and Lookup,shuffled,8460
889,Insert and Lookup,shuffled,8470
890,Insert and Lookup,shuffled,8480
891,Insert and Lookup,shuffled,8490
892,Insert and Lookup,shuffled,8500
893,Insert and Lookup,shuffled,8510
894,Insert and Lookup,shuffled,8520
895,Insert and Lookup,shuffled,8530
896,Insert and Lookup,shuffled,8540
897,Insert and Lookup,shuffled,8550
898,Insert and Lookup,shuffled,8560
899,Insert and Lookup,shuffled,8570
900,Insert and Lookup,shuffled,8580
901,Insert and Lookup,shuffled,8590
902,Insert and Lookup,shuffled,8600
903,Insert and Lookup,shuffled,8610
904,Insert and Lookup,shuffled,8620
905,Insert and Lookup,shuffled,8630
906,Insert and Lookup,shuffled,8640
907,Insert and Lookup,shuffled,8650
908,Insert and Lookup,shuffled,8660
909,Insert and Lookup,shuffled,8670
910,Insert and Lookup,shuffled,8680
911,Insert and Lookup,shuffled,8690
912,Insert and Lookup,shuffled,8700
913,Insert and Lookup,shuffled,8710
914,Insert and Lookup,shuffled,8720
915,Insert and Lookup,shuffled,8730
916,Insert and Lookup,shuffled,8740
917,Insert and Lookup,shuffled,8750
918,Insert and Lookup,shuffled,8760
919,Insert and Lookup,shuffled,8770
920,Insert and Lookup,shuffled,8780
921,Insert and Lookup,shuffled,8790
922,Insert and Lookup,shuffled,8800
923,Insert and Lookup,shuffled,8810
924,Insert and Lookup,shuffled,8820
925,Insert and Lookup,shuffled,8830
926,Insert and Lookup,shuffled,8840
927,Insert and Lookup,shuffled,8850
928,Insert and Lookup,shuffled,8860
929,Insert and Lookup,shuffled,8870
930,Insert and Lookup,shuffled,8880
931,Insert and Lookup,shuffled,8890
932,Insert and Lookup,shuffled,8900
933,Insert and Lookup,shuffled,8910
934,Insert and Lookup,shuffled,8920
935,Insert and Lookup,shuffled,8930
936,Insert and Lookup,shuffled,8940
937,Insert and Lookup,shuffled,8950
938,Insert and Lookup,shuffled,8960
939,Insert and Lookup,shuffled,8970
940,Insert and Lookup,shuffled,8980
941,Insert and Lookup,shuffled,8990
942,Insert and Lookup,shuffled,9000
943,Insert and Lookup,shuffled,9010
944,Insert and Lookup,shuffled,9020
945,Insert and Lookup,shuffled,9030
946,Insert and Lookup,shuffled,9040
947,Insert and Lookup,shuffled,9050
948,Insert and Lookup,shuffled,9060
949,Insert and Lookup,shuffled,9070
950,Insert and Lookup,shuffled,9080
951,Insert and Lookup,shuffled,9090
952,Insert and Lookup,shuffled,9100
953,Insert and Lookup,shuffled,9110
954,Insert and Lookup,shuffled,9120
955,Insert and Lookup,shuffled,9130
956,Insert and Lookup,shuffled,9140
957,Insert and Lookup,shuffled,9150
958,Insert and Lookup,shuffled,9160
959,Insert and Lookup,shuffled,9170
960,Insert and Lookup,shuffled,9180
961,Insert and Lookup,shuffled,9190
962,Insert and Lookup,shuffled,9200
963,Insert and Lookup,shuffled,9210
964,Insert and Lookup,shuffled,9220
965,Insert and Lookup,shuffled,9230
966,Insert and Lookup,shuffled,9240
967,Insert and Lookup,shuffled,9250
968,Insert and Lookup,shuffled,9260
969,Insert and Lookup,shuffled,9270
970,Insert and Lookup,shuffled,9280
971,Insert and Lookup,shuffled,9290
972,Insert and Lookup,shuffled,9300
973,Insert and Lookup,shuffled,9310
974,Insert and Lookup,shuffled,9320
975,Insert and Lookup,shuffled,9330
976,Insert and Lookup,shuffled,9340
977,Insert and Lookup,shuffled,9350
978,Insert and Lookup,shuffled,9360
979,Insert and Lookup,shuffled,9370
980,Insert and Lookup,shuffled,9380
981,Insert and Lookup,shuffled,9390
982,Insert and Lookup,shuffled,9400
983,Insert and Lookup,shuffled,9410
984,Insert and Lookup,shuffled,9420
985,Insert and Lookup,shuffled,9430
986,Insert and Lookup,shuffled,9440
987,Insert and Lookup,shuffled,9450
988,Insert and Lookup,shuffled,9460
989,Insert and Lookup,shuffled,9470
990,Insert and Lookup,shuffled,9480
991,Insert and Lookup,shuffled,9490
992,Insert and Lookup,shuffled,9500
993,Insert and Lookup,shuffled,9510
994,Insert and Lookup,shuffled,9520
995,Insert and Lookup,shuffled,9530
996,Insert and Lookup,shuffled,9540
997,Insert and Lookup,shuffled,9550
998,Insert and Lookup,shuffled,9560
999,Insert and Lookup,shuffled,9570
1000,Insert and Lookup,shuffled,9580
1001,Insert and Lookup,shuffled,9590
1002,Insert and Lookup,shuffled,9600
1003,Insert and Lookup,shuffled,9610
1004,Insert and Lookup,shuffled,9620
1005,Insert and Lookup,shuffled,9630
1006,Insert and Lookup,shuffled,9640
1007,Insert and Lookup,shuffled,9650
1008,Insert and Lookup,shuffled,9660
1009,Insert and Lookup,shuffled,9670
1010,Insert and Lookup,shuffled,9680
1011,Insert and Lookup,shuffled,9690
1012,Insert and Lookup,shuffled,9700
1013,Insert and Lookup,shuffled,9710
1014,Insert and Lookup,shuffled,9720
1015,Insert and Lookup,shuffled,9730
1016,Insert and Lookup,shuffled,9740
1017,Insert and Lookup,shuffled,9750
1018,Insert and Lookup,shuffled,9760
1019,Insert and Lookup,shuffled,9770
1020,Insert and Lookup,shuffled,9780
1021,Insert and Lookup,shuffled,9790
1022,Insert and Lookup,shuffled,9800
1023,Insert and Lookup,shuffled,9810
1024,Insert and Lookup,shuffled,9820
1025,Insert and Lookup,shuffled,9830
1026,Insert and Lookup,shuffled,9840
1027,Insert and Lookup,shuffled,9850
1028,Insert and Lookup,shuffled,9860
1029,Insert and Lookup,shuffled,9870
1030,Insert and Lookup,shuffled,9880
1031,Insert and Lookup,shuffled,9890
1032,Insert and Lookup,shuffled,9900
1033,Insert and Lookup,shuffled,9910
1034,Insert and Lookup,shuffled,9920
1035,Insert and Lookup,shuffled,9930
1036,Insert and Lookup,shuffled,9940
1037,Insert and Lookup,shuffled,9950
1038,Insert and Lookup,shuffled,9960
1039,Insert and Lookup,shuffled,9970
1040,Insert and Lookup,shuffled,9980
1041,Insert and Lookup,shuffled,9990
1042,Insert and Lookup,shuffled,10000
1043,Insert and Lookup,ordered,10
1044,Insert and Lookup,ordered,20
1045,Insert and Lookup,ordered,30
1046,Insert and Lookup,ordered,40
1047,Insert and Lookup,ordered,50
1048,Insert and Lookup,ordered,60
1049,Insert and Lookup,ordered,70
1050,Insert and Lookup,ordered,80
1051,Insert and Lookup,ordered,90
1052,Insert and Lookup,ordered,100
1053,Insert and Lookup,ordered,110
1054,Insert and Lookup,ordered,120
1055,Insert and Lookup,ordered,130
1056,Insert and Lookup,ordered,140
1057,Insert and Lookup,ordered,150
1058,Insert and Lookup,ordered,160
1059,Insert and Lookup,ordered,170
1060,Insert and Lookup,ordered,180
1061,Insert and Lookup,ordered,190
1062,Insert and Lookup,ordered,200
1063,Insert and Lookup,ordered,210
1064,Insert and Lookup,ordered,220
1065,Insert and Lookup,ordered,230
1066,Insert and Lookup,ordered,240
1067,Insert and Lookup,ordered,250
1068,Insert and Lookup,ordered,260
1069,Insert and Lookup,ordered,270
1070,Insert and Lookup,ordered,280
1071,Insert and Lookup,ordered,290
1072,Insert and Lookup,ordered,300
1073,Insert and Lookup,ordered,310
1074,Insert and Lookup,ordered,320
1075,Insert and Lookup,ordered,330
1076,Insert and Lookup,ordered,340
1077,Insert and Lookup,ordered,350
1078,Insert and Lookup,ordered,360
1079,Insert and Lookup,ordered,370
1080,Insert and Lookup,ordered,380
1081,Insert and Lookup,ordered,390
1082,Insert and Lookup,ordered,400
1083,Insert and Lookup,ordered,410
1084,Insert and Lookup,ordered,420
1085,Insert and Lookup,ordered,430
1086,Insert and Lookup,ordered,440
1087,Insert and Lookup,ordered,450
1088,Insert and Lookup,ordered,460
1089,Insert and Lookup,ordered,470
1090,Insert and Lookup,ordered,480
1091,Insert and Lookup,ordered,490
1092,Insert and Lookup,ordered,500
1093,Insert and Lookup,ordered,510
1094,Insert and Lookup,ordered,520
1095,Insert and Lookup,ordered,530
1096,Insert and Lookup,ordered,540
1097,Insert and Lookup,ordered,550
1098,Insert and Lookup,ordered,560
1099,Insert and Lookup,ordered,570
1100,Insert and Lookup,ordered,580
1101,Insert and Lookup,ordered,590
1102,Insert and Lookup,ordered,600
1103,Insert and Lookup,ordered,610
1104,Insert and Lookup,ordered,620
1105,Insert and Lookup,ordered,630
1106,Insert and Lookup,ordered,640
1107,Insert and Lookup,ordered,650
1108,Insert and Lookup,ordered,660
1109,Insert and Lookup,ordered,670
1110,Insert and Lookup,ordered,680
1111,Insert and Lookup,ordered,690
1112,Insert and Lookup,ordered,700
1113,Insert and Lookup,ordered,710
1114,Insert and Lookup,ordered,720
1115,Insert and Lookup,ordered,730
1116,Insert and Lookup,ordered,740
1117,Insert and Lookup,ordered,750
1118,Insert and Lookup,ordered,760
1119,Insert and Lookup,ordered,770
1120,Insert and Lookup,ordered,780
1121,Insert and Lookup,ordered,790
1122,Insert and Lookup,ordered,800
1123,Insert and Lookup,ordered,810
1124,Insert and Lookup,ordered,820
1125,Insert and Lookup,ordered,830
1126,Insert and Lookup,ordered,840
1127,Insert and Lookup,ordered,850
1128,Insert and Lookup,ordered,860
1129,Insert and Lookup,ordered,870
1130,Insert and Lookup,ordered,880
1131,Insert and Lookup,ordered,890
1132,Insert and Lookup,ordered,900
1133,Insert and Lookup,ordered,910
1134,Insert and Lookup,ordered,920
1135,Insert and Lookup,ordered,930
1136,Insert and Lookup,ordered,940
1137,Insert and Lookup,ordered,950
1138,Insert and Lookup,ordered,960
1139,Insert and Lookup,ordered,970
1140,Insert and Lookup,ordered,980
1141,Insert and Lookup,ordered,990
1142,Insert and Lookup,ordered,1000
1143,Insert and Lookup,ordered,1010
1144,Insert and Lookup,ordered,1020
1145,Insert and Lookup,ordered,1030
1146,Insert and Lookup,ordered,1040
1147,Insert and Lookup,ordered,1050
1148,Insert and Lookup,ordered,1060
1149,Insert and Lookup,ordered,1070
1150,Insert and Lookup,ordered,1080
1151,Insert and Lookup,ordered,1090
1152,Insert and Lookup,ordered,1100
1153,Insert and Lookup,ordered,1110
1154,Insert and Lookup,ordered,1120
1155,Insert and Lookup,ordered,1130
1156,Insert and Lookup,ordered,1140
1157,Insert and Lookup,ordered,1150
1158,Insert and Lookup,ordered,1160
1159,Insert and Lookup,ordered,1170
1160,Insert and Lookup,ordered,1180
1161,Insert and Lookup,ordered,1190
1162,Insert and Lookup,ordered,1200
1163,Insert and Lookup,ordered,1210
1164,Insert and Lookup,ordered,1220
1165,Insert and Lookup,ordered,1230
1166,Insert and Lookup,ordered,1240
1167,Insert and Lookup,ordered,1250
1168,Insert and Lookup,ordered,1260
1169,Insert and Lookup,ordered,1270
1170,Insert and Lookup,ordered,1280
1171,Insert and Lookup,ordered,1290
1172,Insert and Lookup,ordered,1300
1173,Insert and Lookup,ordered,1310
1174,Insert and Lookup,ordered,1320
1175,Insert and Lookup,ordered,1330
1176,Insert and Lookup,ordered,1340
1177,Insert and Lookup,ordered,1350
1178,Insert and Lookup,ordered,1360
1179,Insert and Lookup,ordered,1370
1180,Insert and Lookup,ordered,1380
1181,Insert and Lookup,ordered,1390
1182,Insert and Lookup,ordered,1400
1183,Insert and Lookup,ordered,1410
1184,Insert and Lookup,ordered,1420
1185,Insert and Lookup,ordered,1430
1186,Insert and Lookup,ordered,1440
1187,Insert and Lookup,ordered,1450
1188,Insert and Lookup,ordered,1460
1189,Insert and Lookup,ordered,1470
1190,Insert and Lookup,ordered,1480
1191,Insert and Lookup,ordered,1490
1192,Insert and Lookup,ordered,1500
1193,Insert and Lookup,ordered,1510
1194,Insert and Lookup,ordered,1520
1195,Insert and Lookup,ordered,1530
1196,Insert and Lookup,ordered,1540
1197,Insert and Lookup,ordered,1550
1198,Insert and Lookup,ordered,1560
1199,Insert and Lookup,ordered,1570
1200,Insert and Lookup,ordered,1580
1201,Insert and Lookup,ordered,1590
1202,Insert and Lookup,ordered,1600
1203,Insert and Lookup,ordered,1610
1204,Insert and Lookup,ordered,1620
1205,Insert and Lookup,ordered,1630
1206,Insert and Lookup,ordered,1640
1207,Insert and Lookup,ordered,1650
1208,Insert and Lookup,ordered,1660
1209,Insert and Lookup,ordered,1670
1210,Insert and Lookup,ordered,1680
1211,Insert and Lookup,ordered,1690
1212,Insert and Lookup,ordered,1700
1213,Insert and Lookup,ordered,1710
1214,Insert and Lookup,ordered,1720
1215,Insert and Lookup,ordered,1730
1216,Insert and Lookup,ordered,1740
1217,Insert and Lookup,ordered,1750
1218,Insert and Lookup,ordered,1760
1219,Insert and Lookup,ordered,1770
1220,Insert and Lookup,ordered,1780
1221,Insert and Lookup,ordered,1790
1222,Insert and Lookup,ordered,1800
1223,Insert and Lookup,ordered,1810
1224,Insert and Lookup,ordered,1820
1225,Insert and Lookup,ordered,1830
1226,Insert and Lookup,ordered,1840
1227,Insert and Lookup,ordered,1850
1228,Insert and Lookup,ordered,1860
1229,Insert and Lookup,ordered,1870
1230,Insert and Lookup,ordered,1880
1231,Insert and Lookup,ordered,1890
1232,Insert and Lookup,ordered,1900
1233,Insert and Lookup,ordered,1910
1234,Insert and Lookup,ordered,1920
1235,Insert and Lookup,ordered,1930
1236,Insert and Lookup,ordered,1940
1237,Insert and Lookup,ordered,1950
1238,Insert and Lookup,ordered,1960
1239,Insert and Lookup,ordered,1970
1240,Insert and Lookup,ordered,1980
1241,Insert and Lookup,ordered,1990
1242,Insert and Lookup,ordered,2000
1243,Insert and Lookup,ordered,2010
1244,Insert and Lookup,ordered,2020
1245,Insert and Lookup,ordered,2030
1246,Insert and Lookup,ordered,2040
1247,Insert and Lookup,ordered,2050
1248,Insert and Lookup,ordered,2060
1249,Insert and Lookup,ordered,2070
1250,Insert and Lookup,ordered,2080
1251,Insert and Lookup,ordered,2090
1252,Insert and Lookup,ordered,2100
1253,Insert and Lookup,ordered,2110
1254,Insert and Lookup,ordered,2120
1255,Insert and Lookup,ordered,2130
1256,Insert and Lookup,ordered,2140
1257,Insert and Lookup,ordered,2150
1258,Insert and Lookup,ordered,2160
1259,Insert and Lookup,ordered,2170
1260,Insert and Lookup,ordered,2180
1261,Insert and Lookup,ordered,2190
1262,Insert and Lookup,ordered,2200
1263,Insert and Lookup,ordered,2210
1264,Insert and Lookup,ordered,2220
1265,Insert and Lookup,ordered,2230
1266,Insert and Lookup,ordered,2240
1267,Insert and Lookup,ordered,2250
1268,Insert and Lookup,ordered,2260
1269,Insert and Lookup,ordered,2270
1270,Insert and Lookup,ordered,2280
1271,Insert and Lookup,ordered,2290
1272,Insert and Lookup,ordered,2300
1273,Insert and Lookup,ordered,2310
1274,Insert and Lookup,ordered,2320
1275,Insert and Lookup,ordered,2330
1276,Insert and Lookup,ordered,2340
1277,Insert and Lookup,ordered,2350
1278,Insert and Lookup,ordered,2360
1279,Insert and Lookup,ordered,2370
1280,Insert and Lookup,ordered,2380
1281,Insert and Lookup,ordered,2390
1282,Insert and Lookup,ordered,2400
1283,Insert and Lookup,ordered,2410
1284,Insert and Lookup,ordered,2420
1285,Insert and Lookup,ordered,2430
1286,Insert and Lookup,ordered,2440
1287,Insert and Lookup,ordered,2450
1288,Insert and Lookup,ordered,2460
1289,Insert and Lookup,ordered,2470
1290,Insert and Lookup,ordered,2480
1291,Insert and Lookup,ordered,2490
1292,Insert and Lookup,ordered,2500
1293,Insert and Lookup,ordered,2510
1294,Insert and Lookup,ordered,2520
1295,Insert and Lookup,ordered,2530
1296,Insert and Lookup,ordered,2540
1297,Insert and Lookup,ordered,2550
1298,Insert and Lookup,ordered,2560
1299,Insert and Lookup,ordered,2570
1300,Insert and Lookup,ordered,2580
1301,Insert and Lookup,ordered,2590
1302,Insert and Lookup,ordered,2600
1303,Insert and Lookup,ordered,2610
1304,Insert and Lookup,ordered,2620
1305,Insert and Lookup,ordered,2630
1306,Insert and Lookup,ordered,2640
1307,Insert and Lookup,ordered,2650
1308,Insert and Lookup,ordered,2660
1309,Insert and Lookup,ordered,2670
1310,Insert and Lookup,ordered,2680
1311,Insert and Lookup,ordered,2690
1312,Insert and Lookup,ordered,2700
1313,Insert and Lookup,ordered,2710
1314,Insert and Lookup,ordered,2720
1315,Insert and Lookup,ordered,2730
1316,Insert and Lookup,ordered,2740
1317,Insert and Lookup,ordered,2750
1318,Insert and Lookup,ordered,2760
1319,Insert and Lookup,ordered,2770
1320,Insert and Lookup,ordered,2780
1321,Insert and Lookup,ordered,2790
1322,Insert and Lookup,ordered,2800
1323,Insert and Lookup,ordered,2810
1324,Insert and Lookup,ordered,2820
1325,Insert and Lookup,ordered,2830
1326,Insert and Lookup,ordered,2840
1327,Insert and Lookup,ordered,2850
1328,Insert and Lookup,ordered,2860
1329,Insert and Lookup,ordered,2870
1330,Insert and Lookup,ordered,2880
1331,Insert and Lookup,ordered,2890
1332,Insert and Lookup,ordered,2900
1333,Insert and Lookup,ordered,2910
1334,Insert and Lookup,ordered,2920
1335,Insert and Lookup,ordered,2930
1336,Insert and Lookup,ordered,2940
1337,Insert and Lookup,ordered,2950
1338,Insert and Lookup,ordered,2960
1339,Insert and Lookup,ordered,2970
1340,Insert and Lookup,ordered,2980
1341,Insert and Lookup,ordered,2990
1342,Insert and Lookup,ordered,3000
1343,Insert and Lookup,ordered,3010
1344,Insert and Lookup,ordered,3020
1345,Insert and Lookup,ordered,3030
1346,Insert and Lookup,ordered,3040
1347,Insert and Lookup,ordered,3050
1348,Insert and Lookup,ordered,3060
1349,Insert and Lookup,ordered,3070
1350,Insert and Lookup,ordered,3080
1351,Insert and Lookup,ordered,3090
1352,Insert and Lookup,ordered,3100
1353,Insert and Lookup,ordered,3110
1354,Insert and Lookup,ordered,3120
1355,Insert and Lookup,ordered,3130
1356,Insert and Lookup,ordered,3140
1357,Insert and Lookup,ordered,3150
1358,Insert and Lookup,ordered,3160
1359,Insert and Lookup,ordered,3170
1360,Insert and Lookup,ordered,3180
1361,Insert and Lookup,ordered,3190
1362,Insert and Lookup,ordered,3200
1363,Insert and Lookup,ordered,3210
1364,Insert and Lookup,ordered,3220
1365,Insert and Lookup,ordered,3230
1366,Insert and Lookup,ordered,3240
1367,Insert and Lookup,ordered,3250
1368,Insert and Lookup,ordered,3260
1369,Insert and Lookup,ordered,3270
1370,Insert and Lookup,ordered,3280
1371,Insert and Lookup,ordered,3290
1372,Insert and Lookup,ordered,3300
1373,Insert and Lookup,ordered,3310
1374,Insert and Lookup,ordered,3320
1375,Insert and Lookup,ordered,3330
1376,Insert and Lookup,ordered,3340
1377,Insert and Lookup,ordered,3350
1378,Insert and Lookup,ordered,3360
1379,Insert and Lookup,ordered,3370
1380,Insert and Lookup,ordered,3380
1381,Insert and Lookup,ordered,3390
1382,Insert and Lookup,ordered,3400
1383,Insert and Lookup,ordered,3410
1384,Insert and Lookup,ordered,3420
1385,Insert and Lookup,ordered,3430
1386,Insert and Lookup,ordered,3440
1387,Insert and Lookup,ordered,3450
1388,Insert and Lookup,ordered,3460
1389,Insert and Lookup,ordered,3470
1390,Insert and Lookup,ordered,3480
1391,Insert and Lookup,ordered,3490
1392,Insert and Lookup,ordered,3500
1393,Insert and Lookup,ordered,3510
1394,Insert and Lookup,ordered,3520
1395,Insert and Lookup,ordered,3530
1396,Insert and Lookup,ordered,3540
1397,Insert and Lookup,ordered,3550
1398,Insert and Lookup,ordered,3560
1399,Insert and Lookup,ordered,3570
1400,Insert and Lookup,ordered,3580
1401,Insert and Lookup,ordered,3590
1402,Insert and Lookup,ordered,3600
1403,Insert and Lookup,ordered,3610
1404,Insert and Lookup,ordered,3620
1405,Insert and Lookup,ordered,3630
1406,Insert and Lookup,ordered,3640
1407,Insert and Lookup,ordered,3650
1408,Insert and Lookup,ordered,3660
1409,Insert and Lookup,ordered,3670
1410,Insert and Lookup,ordered,3680
1411,Insert and Lookup,ordered,3690
1412,Insert and Lookup,ordered,3700
1413,Insert and Lookup,ordered,3710
1414,Insert and Lookup,ordered,3720
1415,Insert and Lookup,ordered,3730
1416,Insert and Lookup,ordered,3740
1417,Insert and Lookup,ordered,3750
1418,Insert and Lookup,ordered,3760
1419,Insert and Lookup,ordered,3770
1420,Insert and Lookup,ordered,3780
1421,Insert and Lookup,ordered,3790
1422,Insert and Lookup,ordered,3800
1423,Insert and Lookup,ordered,3810
1424,Insert and Lookup,ordered,3820
1425,Insert and Lookup,ordered,3830
1426,Insert and Lookup,ordered,3840
1427,Insert and Lookup,ordered,3850
1428,Insert and Lookup,ordered,3860
1429,Insert and Lookup,ordered,3870
1430,Insert and Lookup,ordered,3880
1431,Insert and Lookup,ordered,3890
1432,Insert and Lookup,ordered,3900
1433,Insert and Lookup,ordered,3910
1434,Insert and Lookup,ordered,3920
1435,Insert and Lookup,ordered,3930
1436,Insert and Lookup,ordered,3940
1437,Insert and Lookup,ordered,3950
1438,Insert and Lookup,ordered,3960
1439,Insert and Lookup,ordered,3970
1440,Insert and Lookup,ordered,3980
1441,Insert and Lookup,ordered,3990
1442,Insert and Lookup,ordered,4000
1443,Insert and Lookup,ordered,4010
1444,Insert and Lookup,ordered,4020
1445,Insert and Lookup,ordered,4030
1446,Insert and Lookup,ordered,4040
1447,Insert and Lookup,ordered,4050
1448,Insert and Lookup,ordered,4060
1449,Insert and Lookup,ordered,4070
1450,Insert and Lookup,ordered,4080
1451,Insert and Lookup,ordered,4090
1452,Insert and Lookup,ordered,4100
1453,Insert and Lookup,ordered,4110
1454,Insert and Lookup,ordered,4120
1455,Insert and Lookup,ordered,4130
1456,Insert and Lookup,ordered,4140
1457,Insert and Lookup,ordered,4150
1458,Insert and Lookup,ordered,4160
1459,Insert and Lookup,ordered,4170
1460,Insert and Lookup,ordered,4180
1461,Insert and Lookup,ordered,4190
1462,Insert and Lookup,ordered,4200
1463,Insert and Lookup,ordered,4210
1464,Insert and Lookup,ordered,4220
1465,Insert and Lookup,ordered,4230
1466,Insert and Lookup,ordered,4240
1467,Insert and Lookup,ordered,4250
1468,Insert and Lookup,ordered,4260
1469,Insert and Lookup,ordered,4270
1470,Insert and Lookup,ordered,4280
1471,Insert and Lookup,ordered,4290
1472,Insert and Lookup,ordered,4300
1473,Insert and Lookup,ordered,4310
1474,Insert and Lookup,ordered,4320
1475,Insert and Lookup,ordered,4330
1476,Insert and Lookup,ordered,4340
1477,Insert and Lookup,ordered,4350
1478,Insert and Lookup,ordered,4360
1479,Insert and Lookup,ordered,4370
1480,Insert and Lookup,ordered,4380
1481,Insert and Lookup,ordered,4390
1482,Insert and Lookup,ordered,4400
1483,Insert and Lookup,ordered,4410
1484,Insert and Lookup,ordered,4420
1485,Insert and Lookup,ordered,4430
1486,Insert and Lookup,ordered,4440
1487,Insert and Lookup,ordered,4450
1488,Insert and Lookup,ordered,4460
1489,Insert and Lookup,ordered,4470
1490,Insert and Lookup,ordered,4480
1491,Insert and Lookup,ordered,4490
1492,Insert and Lookup,ordered,4500
1493,Insert and Lookup,ordered,4510
1494,Insert and Lookup,ordered,4520
1495,Insert and Lookup,ordered,4530
1496,Insert and Lookup,ordered,4540
1497,Insert and Lookup,ordered,4550
1498,Insert and Lookup,ordered,4560
1499,Insert and Lookup,ordered,4570
1500,Insert and Lookup,ordered,4580
1501,Insert and Lookup,ordered,4590
1502,Insert and Lookup,ordered,4600
1503,Insert and Lookup,ordered,4610
1504,Insert and Lookup,ordered,4620
1505,Insert and Lookup,ordered,4630
1506,Insert and Lookup,ordered,4640
1507,Insert and Lookup,ordered,4650
1508,Insert and Lookup,ordered,4660
1509,Insert and Lookup,ordered,4670
1510,Insert and Lookup,ordered,4680
1511,Insert and Lookup,ordered,4690
1512,Insert and Lookup,ordered,4700
1513,Insert and Lookup,ordered,4710
1514,Insert and Lookup,ordered,4720
1515,Insert and Lookup,ordered,4730
1516,Insert and Lookup,ordered,4740
1517,Insert and Lookup,ordered,4750
1518,Insert and Lookup,ordered,4760
1519,Insert and Lookup,ordered,4770
1520,Insert and Lookup,ordered,4780
1521,Insert and Lookup,ordered,4790
1522,Insert and Lookup,ordered,4800
1523,Insert and Lookup,ordered,4810
1524,Insert and Lookup,ordered,4820
1525,Insert and Lookup,ordered,4830
1526,Insert and Lookup,ordered,4840
1527,Insert and Lookup,ordered,4850
1528,Insert and Lookup,ordered,4860
1529,Insert and Lookup,ordered,4870
1530,Insert and Lookup,ordered,4880
1531,Insert and Lookup,ordered,4890
1532,Insert and Lookup,ordered,4900
1533,Insert and Lookup,ordered,4910
1534,Insert and Lookup,ordered,4920
1535,Insert and Lookup,ordered,4930
1536,Insert and Lookup,ordered,4940
1537,Insert and Lookup,ordered,4950
1538,Insert and Lookup,ordered,4960
1539,Insert and Lookup,ordered,4970
1540,Insert and Lookup,ordered,4980
1541,Insert and Lookup,ordered,4990
1542,Insert and Lookup,ordered,5000
1543,Insert and Lookup,ordered,5010
1544,Insert and Lookup,ordered,5020
1545,Insert and Lookup,ordered,5030
1546,Insert and Lookup,ordered,5040
1547,Insert and Lookup,ordered,5050
1548,Insert and Lookup,ordered,5060
1549,Insert and Lookup,ordered,5070
1550,Insert and Lookup,ordered,5080
1551,Insert and Lookup,ordered,5090
1552,Insert and Lookup,ordered,5100
1553,Insert and Lookup,ordered,5110
1554,Insert and Lookup,ordered,5120
1555,Insert and Lookup,ordered,5130
1556,Insert and Lookup,ordered,5140
1557,Insert and Lookup,ordered,5150
1558,Insert and Lookup,ordered,5160
1559,Insert and Lookup,ordered,5170
1560,Insert and Lookup,ordered,5180
1561,Insert and Lookup,ordered,5190
1562,Insert and Lookup,ordered,5200
1563,Insert and Lookup,ordered,5210
1564,Insert and Lookup,ordered,5220
1565,Insert and Lookup,ordered,5230
1566,Insert and Lookup,ordered,5240
1567,Insert and Lookup,ordered,5250
1568,Insert and Lookup,ordered,5260
1569,Insert and Lookup,ordered,5270
1570,Insert and Lookup,ordered,5280
1571,Insert and Lookup,ordered,5290
1572,Insert and Lookup,ordered,5300
1573,Insert and Lookup,ordered,5310
1574,Insert and Lookup,ordered,5320
1575,Insert and Lookup,ordered,5330
1576,Insert and Lookup,ordered,5340
1577,Insert and Lookup,ordered,5350
1578,Insert and Lookup,ordered,5360
1579,Insert and Lookup,ordered,5370
1580,Insert and Lookup,ordered,5380
1581,Insert and Lookup,ordered,5390
1582,Insert and Lookup,ordered,5400
1583,Insert and Lookup,ordered,5410
1584,Insert and Lookup,ordered,5420
1585,Insert and Lookup,ordered,5430
1586,Insert and Lookup,ordered,5440
1587,Insert and Lookup,ordered,5450
1588,Insert and Lookup,ordered,5460
1589,Insert and Lookup,ordered,5470
1590,Insert and Lookup,ordered,5480
1591,Insert and Lookup,ordered,5490
1592,Insert and Lookup,ordered,5500
1593,Insert and Lookup,ordered,5510
1594,Insert and Lookup,ordered,5520
1595,Insert and Lookup,ordered,5530
1596,Insert and Lookup,ordered,5540
1597,Insert and Lookup,ordered,5550
1598,Insert and Lookup,ordered,5560
1599,Insert and Lookup,ordered,5570
1600,Insert and Lookup,ordered,5580
1601,Insert and Lookup,ordered,5590
1602,Insert and Lookup,ordered,5600
1603,Insert and Lookup,ordered,5610
1604,Insert and Lookup,ordered,5620
1605,Insert and Lookup,ordered,5630
1606,Insert and Lookup,ordered,5640
1607,Insert and Lookup,ordered,5650
1608,Insert and Lookup,ordered,5660
1609,Insert and Lookup,ordered,5670
1610,Insert and Lookup,ordered,5680
1611,Insert and Lookup,ordered,5690
1612,Insert and Lookup,ordered,5700
1613,Insert and Lookup,ordered,5710
1614,Insert and Lookup,ordered,5720
1615,Insert and Lookup,ordered,5730
1616,Insert and Lookup,ordered,5740
1617,Insert and Lookup,ordered,5750
1618,Insert and Lookup,ordered,5760
1619,Insert and Lookup,ordered,5770
1620,Insert and Lookup,ordered,5780
1621,Insert and Lookup,ordered,5790
1622,Insert and Lookup,ordered,5800
1623,Insert and Lookup,ordered,5810
1624,Insert and Lookup,ordered,5820
1625,Insert and Lookup,ordered,5830
1626,Insert and Lookup,ordered,5840
1627,Insert and Lookup,ordered,5850
1628,Insert and Lookup,ordered,5860
1629,Insert and Lookup,ordered,5870
1630,Insert and Lookup,ordered,5880
1631,Insert and Lookup,ordered,5890
1632,Insert and Lookup,ordered,5900
1633,Insert and Lookup,ordered,5910
1634,Insert and Lookup,ordered,5920
1635,Insert and Lookup,ordered,5930
1636,Insert and Lookup,ordered,5940
1637,Insert and Lookup,ordered,5950
1638,Insert and Lookup,ordered,5960
1639,Insert and Lookup,ordered,5970
1640,Insert and Lookup,ordered,5980
1641,Insert and Lookup,ordered,5990
1642,Insert and Lookup,ordered,6000
1643,Insert and Lookup,ordered,6010
1644,Insert and Lookup,ordered,6020
1645,Insert and Lookup,ordered,6030
1646,Insert and Lookup,ordered,6040
1647,Insert and Lookup,ordered,6050
1648,Insert and Lookup,ordered,6060
1649,Insert and Lookup,ordered,6070
1650,Insert and Lookup,ordered,6080
1651,Insert and Lookup,ordered,6090
1652,Insert and Lookup,ordered,6100
1653,Insert and Lookup,ordered,6110
1654,Insert and Lookup,ordered,6120
1655,Insert and Lookup,ordered,6130
1656,Insert and Lookup,ordered,6140
1657,Insert and Lookup,ordered,6150
1658,Insert and Lookup,ordered,6160
1659,Insert and Lookup,ordered,6170
1660,Insert and Lookup,ordered,6180
1661,Insert and Lookup,ordered,6190
1662,Insert and Lookup,ordered,6200
1663,Insert and Lookup,ordered,6210
1664,Insert and Lookup,ordered,6220
1665,Insert and Lookup,ordered,6230
1666,Insert and Lookup,ordered,6240
1667,Insert and Lookup,ordered,6250
1668,Insert and Lookup,ordered,6260
1669,Insert and Lookup,ordered,6270
1670,Insert and Lookup,ordered,6280
1671,Insert and Lookup,ordered,6290
1672,Insert and Lookup,ordered,6300
1673,Insert and Lookup,ordered,6310
1674,Insert and Lookup,ordered,6320
1675,Insert and Lookup,ordered,6330
1676,Insert and Lookup,ordered,6340
1677,Insert and Lookup,ordered,6350
1678,Insert and Lookup,ordered,6360
1679,Insert and Lookup,ordered,6370
1680,Insert and Lookup,ordered,6380
1681,Insert and Lookup,ordered,6390
1682,Insert and Lookup,ordered,6400
1683,Insert and Lookup,ordered,6410
1684,Insert and Lookup,ordered,6420
1685,Insert and Lookup,ordered,6430
1686,Insert and Lookup,ordered,6440
1687,Insert and Lookup,ordered,6450
1688,Insert and Lookup,ordered,6460
1689,Insert and Lookup,ordered,6470
1690,Insert and Lookup,ordered,6480
1691,Insert and Lookup,ordered,6490
1692,Insert and Lookup,ordered,6500
1693,Insert and Lookup,ordered,6510
1694,Insert and Lookup,ordered,6520
1695,Insert and Lookup,ordered,6530
1696,Insert and Lookup,ordered,6540
1697,Insert and Lookup,ordered,6550
1698,Insert and Lookup,ordered,6560
1699,Insert and Lookup,ordered,6570
1700,Insert and Lookup,ordered,6580
1701,Insert and Lookup,ordered,6590
1702,Insert and Lookup,ordered,6600
1703,Insert and Lookup,ordered,6610
1704,Insert and Lookup,ordered,6620
1705,Insert and Lookup,ordered,6630
1706,Insert and Lookup,ordered,6640
1707,Insert and Lookup,ordered,6650
1708,Insert and Lookup,ordered,6660
1709,Insert and Lookup,ordered,6670
1710,Insert and Lookup,ordered,6680
1711,Insert and Lookup,ordered,6690
1712,Insert and Lookup,ordered,6700
1713,Insert and Lookup,ordered,6710
1714,Insert and Lookup,ordered,6720
1715,Insert and Lookup,ordered,6730
1716,Insert and Lookup,ordered,6740
1717,Insert and Lookup,ordered,6750
1718,Insert and Lookup,ordered,6760
1719,Insert and Lookup,ordered,6770
1720,Insert and Lookup,ordered,6780
1721,Insert and Lookup,ordered,6790
1722,Insert and Lookup,ordered,6800
1723,Insert and Lookup,ordered,6810
1724,Insert and Lookup,ordered,6820
1725,Insert and Lookup,ordered,6830
1726,Insert and Lookup,ordered,6840
1727,Insert and Lookup,ordered,6850
1728,Insert and Lookup,ordered,6860
1729,Insert and Lookup,ordered,6870
1730,Insert and Lookup,ordered,6880
1731,Insert and Lookup,ordered,6890
1732,Insert and Lookup,ordered,6900
1733,Insert and Lookup,ordered,6910
1734,Insert and Lookup,ordered,6920
1735,Insert and Lookup,ordered,6930
1736,Insert and Lookup,ordered,6940
1737,Insert and Lookup,ordered,6950
1738,Insert and Lookup,ordered,6960
1739,Insert and Lookup,ordered,6970
1740,Insert and Lookup,ordered,6980
1741,Insert and Lookup,ordered,6990
1742,Insert and Lookup,ordered,7000
1743,Insert and Lookup,ordered,7010
1744,Insert and Lookup,ordered,7020
1745,Insert and Lookup,ordered,7030
1746,Insert and Lookup,ordered,7040
1747,Insert and Lookup,ordered,7050
1748,Insert and Lookup,ordered,7060
1749,Insert and Lookup,ordered,7070
1750,Insert and Lookup,ordered,7080
1751,Insert and Lookup,ordered,7090
1752,Insert and Lookup,ordered,7100
1753,Insert and Lookup,ordered,7110
1754,Insert and Lookup,ordered,7120
1755,Insert and Lookup,ordered,7130
1756,Insert and Lookup,ordered,7140
1757,Insert and Lookup,ordered,7150
1758,Insert and Lookup,ordered,7160
1759,Insert and Lookup,ordered,7170
1760,Insert and Lookup,ordered,7180
1761,Insert and Lookup,ordered,7190
1762,Insert and Lookup,ordered,7200
1763,Insert and Lookup,ordered,7210
1764,Insert and Lookup,ordered,7220
1765,Insert and Lookup,ordered,7230
1766,Insert and Lookup,ordered,7240
1767,Insert and Lookup,ordered,7250
1768,Insert and Lookup,ordered,7260
1769,Insert and Lookup,ordered,7270
1770,Insert and Lookup,ordered,7280
1771,Insert and Lookup,ordered,7290
1772,Insert and Lookup,ordered,7300
1773,Insert and Lookup,ordered,7310
1774,Insert and Lookup,ordered,7320
1775,Insert and Lookup,ordered,7330
1776,Insert and Lookup,ordered,7340
1777,Insert and Lookup,ordered,7350
1778,Insert and Lookup,ordered,7360
1779,Insert and Lookup,ordered,7370
1780,Insert and Lookup,ordered,7380
1781,Insert and Lookup,ordered,7390
1782,Insert and Lookup,ordered,7400
1783,Insert and Lookup,ordered,7410
1784,Insert and Lookup,ordered,7420
1785,Insert and Lookup,ordered,7430
1786,Insert and Lookup,ordered,7440
1787,Insert and Lookup,ordered,7450
1788,Insert and Lookup,ordered,7460
1789,Insert and Lookup,ordered,7470
1790,Insert and Lookup,ordered,7480
1791,Insert and Lookup,ordered,7490
1792,Insert and Lookup,ordered,7500
1793,Insert and Lookup,ordered,7510
1794,Insert and Lookup,ordered,7520
1795,Insert and Lookup,ordered,7530
1796,Insert and Lookup,ordered,7540
1797,Insert and Lookup,ordered,7550
1798,Insert and Lookup,ordered,7560
1799,Insert and Lookup,ordered,7570
1800,Insert and Lookup,ordered,7580
1801,Insert and Lookup,ordered,7590
1802,Insert and Lookup,ordered,7600
1803,Insert and Lookup,ordered,7610
1804,Insert and Lookup,ordered,7620
1805,Insert and Lookup,ordered,7630
1806,Insert and Lookup,ordered,7640
1807,Insert and Lookup,ordered,7650
1808,Insert and Lookup,ordered,7660
1809,Insert and Lookup,ordered,7670
1810,Insert and Lookup,ordered,7680
1811,Insert and Lookup,ordered,7690
1812,Insert and Lookup,ordered,7700
1813,Insert and Lookup,ordered,7710
1814,Insert and Lookup,ordered,7720
1815,Insert and Lookup,ordered,7730
1816,Insert and Lookup,ordered,7740
1817,Insert and Lookup,ordered,7750
1818,Insert and Lookup,ordered,7760
1819,Insert and Lookup,ordered,7770
1820,Insert and Lookup,ordered,7780
1821,Insert and Lookup,ordered,7790
1822,Insert and Lookup,ordered,7800
1823,Insert and Lookup,ordered,7810
1824,Insert and Lookup,ordered,7820
1825,Insert and Lookup,ordered,7830
1826,Insert and Lookup,ordered,7840
1827,Insert and Lookup,ordered,7850
1828,Insert and Lookup,ordered,7860
1829,Insert and Lookup,ordered,7870
1830,Insert and Lookup,ordered,7880
1831,Insert and Lookup,ordered,7890
1832,Insert and Lookup,ordered,7900
1833,Insert and Lookup,ordered,7910
1834,Insert and Lookup,ordered,7920
1835,Insert and Lookup,ordered,7930
1836,Insert and Lookup,ordered,7940
1837,Insert and Lookup,ordered,7950
1838,Insert and Lookup,ordered,7960
1839,Insert and Lookup,ordered,7970
1840,Insert and Lookup,ordered,7980
1841,Insert and Lookup,ordered,7990
1842,Insert and Lookup,ordered,8000
1843,Insert and Lookup,ordered,8010
1844,Insert and Lookup,ordered,8020
1845,Insert and Lookup,ordered,8030
1846,Insert and Lookup,ordered,8040
1847,Insert and Lookup,ordered,8050
1848,Insert and Lookup,ordered,8060
1849,Insert and Lookup,ordered,8070
1850,Insert and Lookup,ordered,8080
1851,Insert and Lookup,ordered,8090
1852,Insert and Lookup,ordered,8100
1853,Insert and Lookup,ordered,8110
1854,Insert and Lookup,ordered,8120
1855,Insert and Lookup,ordered,8130
1856,Insert and Lookup,ordered,8140
1857,Insert and Lookup,ordered,8150
1858,Insert and Lookup,ordered,8160
1859,Insert and Lookup,ordered,8170
1860,Insert and Lookup,ordered,8180
1861,Insert and Lookup,ordered,8190
1862,Insert and Lookup,ordered,8200
1863,Insert and Lookup,ordered,8210
1864,Insert and Lookup,ordered,8220
1865,Insert and Lookup,ordered,8230
1866,Insert and Lookup,ordered,8240
1867,Insert and Lookup,ordered,8250
1868,Insert and Lookup,ordered,8260
1869,Insert and Lookup,ordered,8270
1870,Insert and Lookup,ordered,8280
1871,Insert and Lookup,ordered,8290
1872,Insert and Lookup,ordered,8300
1873,Insert and Lookup,ordered,8310
1874,Insert and Lookup,ordered,8320
1875,Insert and Lookup,ordered,8330
1876,Insert and Lookup,ordered,8340
1877,Insert and Lookup,ordered,8350
1878,Insert and Lookup,ordered,8360
1879,Insert and Lookup,ordered,8370
1880,Insert and Lookup,ordered,8380
1881,Insert and Lookup,ordered,8390
1882,Insert and Lookup,ordered,8400
1883,Insert and Lookup,ordered,8410
1884,Insert and Lookup,ordered,8420
1885,Insert and Lookup,ordered,8430
1886,Insert and Lookup,ordered,8440
1887,Insert and Lookup,ordered,8450
1888,Insert and Lookup,ordered,8460
1889,Insert and Lookup,ordered,8470
1890,Insert and Lookup,ordered,8480
1891,Insert and Lookup,ordered,8490
1892,Insert and Lookup,ordered,8500
1893,Insert and Lookup,ordered,8510
1894,Insert and Lookup,ordered,8520
1895,Insert and Lookup,ordered,8530
1896,Insert and Lookup,ordered,8540
1897,Insert and Lookup,ordered,8550
1898,Insert and Lookup,ordered,8560
1899,Insert and Lookup,ordered,8570
1900,Insert and Lookup,ordered,8580
1901,Insert and Lookup,ordered,8590
1902,Insert and Lookup,ordered,8600
1903,Insert and Lookup,ordered,8610
1904,Insert and Lookup,ordered,8620
1905,Insert and Lookup,ordered,8630
1906,Insert and Lookup,ordered,8640
1907,Insert and Lookup,ordered,8650
1908,Insert and Lookup,ordered,8660
1909,Insert and Lookup,ordered,8670
1910,Insert and Lookup,ordered,8680
1911,Insert and Lookup,ordered,8690
1912,Insert and Lookup,ordered,8700
1913,Insert and Lookup,ordered,8710
1914,Insert and Lookup,ordered,8720
1915,Insert and Lookup,ordered,8730
1916,Insert and Lookup,ordered,8740
1917,Insert and Lookup,ordered,8750
1918,Insert and Lookup,ordered,8760
1919,Insert and Lookup,ordered,8770
1920,Insert and Lookup,ordered,8780
1921,Insert and Lookup,ordered,8790
1922,Insert and Lookup,ordered,8800
1923,Insert and Lookup,ordered,8810
1924,Insert and Lookup,ordered,8820
1925,Insert and Lookup,ordered,8830
1926,Insert and Lookup,ordered,8840
1927,Insert and Lookup,ordered,8850
1928,Insert and Lookup,ordered,8860
1929,Insert and Lookup,ordered,8870
1930,Insert and Lookup,ordered,8880
1931,Insert and Lookup,ordered,8890
1932,Insert and Lookup,ordered,8900
1933,Insert and Lookup,ordered,8910
1934,Insert and Lookup,ordered,8920
1935,Insert and Lookup,ordered,8930
1936,Insert and Lookup,ordered,8940
1937,Insert and Lookup,ordered,8950
1938,Insert and Lookup,ordered,8960
1939,Insert and Lookup,ordered,8970
1940,Insert and Lookup,ordered,8980
1941,Insert and Lookup,ordered,8990
1942,Insert and Lookup,ordered,9000
1943,Insert and Lookup,ordered,9010
1944,Insert and Lookup,ordered,9020
1945,Insert and Lookup,ordered,9030
1946,Insert and Lookup,ordered,9040
1947,Insert and Lookup,ordered,9050
1948,Insert and Lookup,ordered,9060
1949,Insert and Lookup,ordered,9070
1950,Insert and Lookup,ordered,9080
1951,Insert and Lookup,ordered,9090
1952,Insert and Lookup,ordered,9100
1953,Insert and Lookup,ordered,9110
1954,Insert and Lookup,ordered,9120
1955,Insert and Lookup,ordered,9130
1956,Insert and Lookup,ordered,9140
1957,Insert and Lookup,ordered,9150
1958,Insert and Lookup,ordered,9160
1959,Insert and Lookup,ordered,9170
1960,Insert and Lookup,ordered,9180
1961,Insert and Lookup,ordered,9190
1962,Insert and Lookup,ordered,9200
1963,Insert and Lookup,ordered,9210
1964,Insert and Lookup,ordered,9220
1965,Insert and Lookup,ordered,9230
1966,Insert and Lookup,ordered,9240
1967,Insert and Lookup,ordered,9250
1968,Insert and Lookup,ordered,9260
1969,Insert and Lookup,ordered,9270
1970,Insert and Lookup,ordered,9280
1971,Insert and Lookup,ordered,9290
1972,Insert and Lookup,ordered,9300
1973,Insert and Lookup,ordered,9310
1974,Insert and Lookup,ordered,9320
1975,Insert and Lookup,ordered,9330
1976,Insert and Lookup,ordered,9340
1977,Insert and Lookup,ordered,9350
1978,Insert and Lookup,ordered,9360
1979,Insert and Lookup,ordered,9370
1980,Insert and Lookup,ordered,9380
1981,Insert and Lookup,ordered,9390
1982,Insert and Lookup,ordered,9400
1983,Insert and Lookup,ordered,9410
1984,Insert and Lookup,ordered,9420
1985,Insert and Lookup,ordered,9430
1986,Insert and Lookup,ordered,9440
1987,Insert and Lookup,ordered,9450
1988,Insert and Lookup,ordered,9460
1989,Insert and Lookup,ordered,9470
1990,Insert and Lookup,ordered,9480
1991,Insert and Lookup,ordered,9490
1992,Insert and Lookup,ordered,9500
1993,Insert and Lookup,ordered,9510
1994,Insert and Lookup,ordered,9520
1995,Insert and Lookup,ordered,9530
1996,Insert and Lookup,ordered,9540
1997,Insert and Lookup,ordered,9550
1998,Insert and Lookup,ordered,9560
1999,Insert and Lookup,ordered,9570
2000,Insert and Lookup,ordered,9580
2001,Insert and Lookup,ordered,9590
2002,Insert and Lookup,ordered,9600
2003,Insert and Lookup,ordered,9610
2004,Insert and Lookup,ordered,9620
2005,Insert and Lookup,ordered,9630
2006,Insert and Lookup,ordered,9640
2007,Insert and Lookup,ordered,9650
2008,Insert and Lookup,ordered,9660
2009,Insert and Lookup,ordered,9670
2010,Insert and Lookup,ordered,9680
2011,Insert and Lookup,ordered,9690
2012,Insert and Lookup,ordered,9700
2013,Insert and Lookup,ordered,9710
2014,Insert and Lookup,ordered,9720
2015,Insert and Lookup,ordered,9730
2016,Insert and Lookup,ordered,9740
2017,Insert and Lookup,ordered,9750
2018,Insert and Lookup,ordered,9760
2019,Insert and Lookup,ordered,9770
2020,Insert and Lookup,ordered,9780
2021,Insert and Lookup,ordered,9790
2022,Insert and Lookup,ordered,9800
2023,Insert and Lookup,ordered,9810
2024,Insert and Lookup,ordered,9820
2025,Insert and Lookup,ordered,9830
2026,Insert and Lookup,ordered,9840
2027,Insert and Lookup,ordered,9850
2028,Insert and Lookup,ordered,9860
2029,Insert and Lookup,ordered,9870
2030,Insert and Lookup,ordered,9880
2031,Insert and Lookup,ordered,9890
2032,Insert and Lookup,ordered,9900
2033,Insert and Lookup,ordered,9910
2034,Insert and Lookup,ordered,9920
2035,Insert and Lookup,ordered,9930
2036,Insert and Lookup,ordered,9940
2037,Insert and Lookup,ordered,9950
2038,Insert and Lookup,ordered,9960
2039,Insert and Lookup,ordered,9970
2040,Insert and Lookup,ordered,9980
2041,Insert and Lookup,ordered,9990
2042,Insert and Lookup,ordered,10000
