1,Maximumsuche,0,0
2,Maximumsuche,1,21759
3,Maximumsuche,2,25012
4,Maximumsuche,3,25012
5,Maximumsuche,4,25012
6,Maximumsuche,5,25012
7,Maximumsuche,6,25012
8,Maximumsuche,7,29273
9,Maximumsuche,8,29273
10,Maximumsuche,9,29273
11,Maximumsuche,10,29273
12,Maximumsuche,11,29273
13,Maximumsuche,12,29273
14,Maximumsuche,13,29273
15,Maximumsuche,14,29273
16,Maximumsuche,15,29273
17,Maximumsuche,16,29273
18,Maximumsuche,17,29273
19,Maximumsuche,18,29273
20,Maximumsuche,19,29273
21,Maximumsuche,20,29273
22,Maximumsuche,21,29273
23,Maximumsuche,22,29273
24,Maximumsuche,23,29273
25,Maximumsuche,24,29273
26,Maximumsuche,25,29273
27,Maximumsuche,26,31059
28,Maximumsuche,27,31059
29,Maximumsuche,28,31059
30,Maximumsuche,29,31059
31,Maximumsuche,30,31059
32,Maximumsuche,31,31059
33,Maximumsuche,32,31059
34,Maximumsuche,33,31059
35,Maximumsuche,34,31059
36,Maximumsuche,35,31059
37,Maximumsuche,36,31059
38,Maximumsuche,37,31059
39,Maximumsuche,38,31059
40,Maximumsuche,39,31059
41,Maximumsuche,40,31059
42,Maximumsuche,41,31059
43,Maximumsuche,42,31059
44,Maximumsuche,43,31059
45,Maximumsuche,44,31059
46,Maximumsuche,45,31059
47,Maximumsuche,46,31059
48,Maximumsuche,47,31059
49,Maximumsuche,48,31059
50,Maximumsuche,49,31059
51,Maximumsuche,50,31059
52,Maximumsuche,51,31059
53,Maximumsuche,52,31059
54,Maximumsuche,53,31059
55,Maximumsuche,54,31059
56,Maximumsuche,55,31059
57,Maximumsuche,56,31059
58,Maximumsuche,57,31059
59,Maximumsuche,58,31059
60,Maximumsuche,59,31059
61,Maximumsuche,60,31059
62,Maximumsuche,61,31059
63,Maximumsuche,62,31059
64,Maximumsuche,63,31059
65,Maximumsuche,64,31059
66,Maximumsuche,65,31059
67,Maximumsuche,66,31059
68,Maximumsuche,67,31059
69,Maximumsuche,68,31059
70,Maximumsuche,69,31059
71,Maximumsuche,70,31059
72,Maximumsuche,71,31059
73,Maximumsuche,72,31059
74,Maximumsuche,73,31059
75,Maximumsuche,74,31206
76,Maximumsuche,75,31206
77,Maximumsuche,76,31206
78,Maximumsuche,77,31206
79,Maximumsuche,78,31206
80,Maximumsuche,79,31206
81,Maximumsuche,80,31206
82,Maximumsuche,81,31206
83,Maximumsuche,82,31206
84,Maximumsuche,83,31206
85,Maximumsuche,84,31534
86,Maximumsuche,85,31534
87,Maximumsuche,86,31534
88,Maximumsuche,87,31534
89,Maximumsuche,88,31534
90,Maximumsuche,89,31534
91,Maximumsuche,90,31534
92,Maximumsuche,91,31534
93,Maximumsuche,92,31534
94,Maximumsuche,93,31534
95,Maximumsuche,94,31534
96,Maximumsuche,95,31534
97,Maximumsuche,96,31534
98,Maximumsuche,97,31534
99,Maximumsuche,98,31534
100,Maximumsuche,99,31534
101,Maximumsuche,100,31534
102,Maximumsuche,200,32658
103,Maximumsuche,300,32658
104,Maximumsuche,400,32658
105,Maximumsuche,500,32658
106,Maximumsuche,600,32658
107,Maximumsuche,700,32658
108,Maximumsuche,800,32764
109,Maximumsuche,900,32764
110,Maximumsuche,1000,32764
111,Maximumsuche,1100,32764
112,Maximumsuche,1200,32764
113,Maximumsuche,1300,32764
114,Maximumsuche,1400,32764
115,Maximumsuche,1500,32764
116,Maximumsuche,1600,32764
117,Maximumsuche,1700,32764
118,Maximumsuche,1800,32764
119,Maximumsuche,1900,32764
120,Maximumsuche,2000,32764
121,Maximumsuche,2100,32764
122,Maximumsuche,2200,32764
123,Maximumsuche,2300,32764
124,Maximumsuche,2400,32764
125,Maximumsuche,2500,32764
126,Maximumsuche,2600,32764
127,Maximumsuche,2700,32764
128,Maximumsuche,2800,32764
129,Maximumsuche,2900,32764
130,Maximumsuche,3000,32764
131,Maximumsuche,3100,32766
132,Maximumsuche,3200,32766
133,Maximumsuche,3300,32766
134,Maximumsuche,3400,32766
135,Maximumsuche,3500,32766
136,Maximumsuche,3600,32766
137,Maximumsuche,3700,32766
138,Maximumsuche,3800,32766
139,Maximumsuche,3900,32766
140,Maximumsuche,4000,32766
141,Maximumsuche,4100,32766
142,Maximumsuche,4200,32766
143,Maximumsuche,4300,32766
144,Maximumsuche,4400,32766
145,Maximumsuche,4500,32766
146,Maximumsuche,4600,32766
147,Maximumsuche,4700,32766
148,Maximumsuche,4800,32766
149,Maximumsuche,4900,32766
150,Maximumsuche,5000,32766
151,Maximumsuche,5100,32766
152,Maximumsuche,5200,32766
153,Maximumsuche,5300,32766
154,Maximumsuche,5400,32766
155,Maximumsuche,5500,32766
156,Maximumsuche,5600,32766
157,Maximumsuche,5700,32766
158,Maximumsuche,5800,32766
159,Maximumsuche,5900,32766
160,Maximumsuche,6000,32766
161,Maximumsuche,6100,32766
162,Maximumsuche,6200,32766
163,Maximumsuche,6300,32766
164,Maximumsuche,6400,32766
165,Maximumsuche,6500,32766
166,Maximumsuche,6600,32766
167,Maximumsuche,6700,32766
168,Maximumsuche,6800,32766
169,Maximumsuche,6900,32766
170,Maximumsuche,7000,32766
171,Maximumsuche,7100,32766
172,Maximumsuche,7200,32766
173,Maximumsuche,7300,32766
174,Maximumsuche,7400,32766
175,Maximumsuche,7500,32766
176,Maximumsuche,7600,32766
177,Maximumsuche,7700,32766
178,Maximumsuche,7800,32766
179,Maximumsuche,7900,32766
180,Maximumsuche,8000,32766
181,Maximumsuche,8100,32766
182,Maximumsuche,8200,32766
183,Maximumsuche,8300,32766
184,Maximumsuche,8400,32766
185,Maximumsuche,8500,32766
186,Maximumsuche,8600,32766
187,Maximumsuche,8700,32766
188,Maximumsuche,8800,32766
189,Maximumsuche,8900,32766
190,Maximumsuche,9000,32766
191,Maximumsuche,9100,32766
192,Maximumsuche,9200,32766
193,Maximumsuche,9300,32766
194,Maximumsuche,9400,32766
195,Maximumsuche,9500,32766
196,Maximumsuche,9600,32766
197,Maximumsuche,9700,32766
198,Maximumsuche,9800,32766
199,Maximumsuche,9900,32766
200,Maximumsuche,10000,32766
201,Maximumsuche,10100,32766
202,Maximumsuche,10200,32766
203,Maximumsuche,10300,32766
204,Maximumsuche,10400,32766
205,Maximumsuche,10500,32766
206,Maximumsuche,10600,32766
207,Maximumsuche,10700,32766
208,Maximumsuche,10800,32766
209,Maximumsuche,10900,32766
210,Maximumsuche,11000,32766
211,Maximumsuche,11100,32766
212,Maximumsuche,11200,32766
213,Maximumsuche,11300,32766
214,Maximumsuche,11400,32766
215,Maximumsuche,11500,32766
216,Maximumsuche,11600,32766
217,Maximumsuche,11700,32766
218,Maximumsuche,11800,32766
219,Maximumsuche,11900,32766
220,Maximumsuche,12000,32766
221,Maximumsuche,12100,32766
222,Maximumsuche,12200,32766
223,Maximumsuche,12300,32766
224,Maximumsuche,12400,32766
225,Maximumsuche,12500,32766
226,Maximumsuche,12600,32766
227,Maximumsuche,12700,32766
228,Maximumsuche,12800,32766
229,Maximumsuche,12900,32766
230,Maximumsuche,13000,32766
231,Maximumsuche,13100,32766
232,Maximumsuche,13200,32766
233,Maximumsuche,13300,32766
234,Maximumsuche,13400,32766
235,Maximumsuche,13500,32766
236,Maximumsuche,13600,32766
237,Maximumsuche,13700,32766
238,Maximumsuche,13800,32766
239,Maximumsuche,13900,32766
240,Maximumsuche,14000,32766
241,Maximumsuche,14100,32766
242,Maximumsuche,14200,32766
243,Maximumsuche,14300,32766
244,Maximumsuche,14400,32766
245,Maximumsuche,14500,32766
246,Maximumsuche,14600,32766
247,Maximumsuche,14700,32766
248,Maximumsuche,14800,32766
249,Maximumsuche,14900,32766
250,Maximumsuche,15000,32766
251,Maximumsuche,15100,32766
252,Maximumsuche,15200,32766
253,Maximumsuche,15300,32766
254,Maximumsuche,15400,32766
255,Maximumsuche,15500,32766
256,Maximumsuche,15600,32766
257,Maximumsuche,15700,32766
258,Maximumsuche,15800,32766
259,Maximumsuche,15900,32766
260,Maximumsuche,16000,32766
261,Maximumsuche,16100,32766
262,Maximumsuche,16200,32766
263,Maximumsuche,16300,32766
264,Maximumsuche,16400,32766
265,Maximumsuche,16500,32766
266,Maximumsuche,16600,32766
267,Maximumsuche,16700,32766
268,Maximumsuche,16800,32766
269,Maximumsuche,16900,32766
270,Maximumsuche,17000,32766
271,Maximumsuche,17100,32766
272,Maximumsuche,17200,32766
273,Maximumsuche,17300,32766
274,Maximumsuche,17400,32766
275,Maximumsuche,17500,32766
276,Maximumsuche,17600,32766
277,Maximumsuche,17700,32766
278,Maximumsuche,17800,32766
279,Maximumsuche,17900,32766
280,Maximumsuche,18000,32766
281,Maximumsuche,18100,32766
282,Maximumsuche,18200,32766
283,Maximumsuche,18300,32767
284,Maximumsuche,18400,32767
285,Maximumsuche,18500,32767
286,Maximumsuche,18600,32767
287,Maximumsuche,18700,32767
288,Maximumsuche,18800,32767
289,Maximumsuche,18900,32767
290,Maximumsuche,19000,32767
291,Maximumsuche,19100,32767
292,Maximumsuche,19200,32767
293,Maximumsuche,19300,32767
294,Maximumsuche,19400,32767
295,Maximumsuche,19500,32767
296,Maximumsuche,19600,32767
297,Maximumsuche,19700,32767
298,Maximumsuche,19800,32767
299,Maximumsuche,19900,32767
300,Maximumsuche,20000,32767
301,Maximumsuche,20100,32767
302,Maximumsuche,20200,32767
303,Maximumsuche,20300,32767
304,Maximumsuche,20400,32767
305,Maximumsuche,20500,32767
306,Maximumsuche,20600,32767
307,Maximumsuche,20700,32767
308,Maximumsuche,20800,32767
309,Maximumsuche,20900,32767
310,Maximumsuche,21000,32767
311,Maximumsuche,21100,32767
312,Maximumsuche,21200,32767
313,Maximumsuche,21300,32767
314,Maximumsuche,21400,32767
315,Maximumsuche,21500,32767
316,Maximumsuche,21600,32767
317,Maximumsuche,21700,32767
318,Maximumsuche,21800,32767
319,Maximumsuche,21900,32767
320,Maximumsuche,22000,32767
321,Maximumsuche,22100,32767
322,Maximumsuche,22200,32767
323,Maximumsuche,22300,32767
324,Maximumsuche,22400,32767
325,Maximumsuche,22500,32767
326,Maximumsuche,22600,32767
327,Maximumsuche,22700,32767
328,Maximumsuche,22800,32767
329,Maximumsuche,22900,32767
330,Maximumsuche,23000,32767
331,Maximumsuche,23100,32767
332,Maximumsuche,23200,32767
333,Maximumsuche,23300,32767
334,Maximumsuche,23400,32767
335,Maximumsuche,23500,32767
336,Maximumsuche,23600,32767
337,Maximumsuche,23700,32767
338,Maximumsuche,23800,32767
339,Maximumsuche,23900,32767
340,Maximumsuche,24000,32767
341,Maximumsuche,24100,32767
342,Maximumsuche,24200,32767
343,Maximumsuche,24300,32767
344,Maximumsuche,24400,32767
345,Maximumsuche,24500,32767
346,Maximumsuche,24600,32767
347,Maximumsuche,24700,32767
348,Maximumsuche,24800,32767
349,Maximumsuche,24900,32767
350,Maximumsuche,25000,32767
351,Maximumsuche,25100,32767
352,Maximumsuche,25200,32767
353,Maximumsuche,25300,32767
354,Maximumsuche,25400,32767
355,Maximumsuche,25500,32767
356,Maximumsuche,25600,32767
357,Maximumsuche,25700,32767
358,Maximumsuche,25800,32767
359,Maximumsuche,25900,32767
360,Maximumsuche,26000,32767
361,Maximumsuche,26100,32767
362,Maximumsuche,26200,32767
363,Maximumsuche,26300,32767
364,Maximumsuche,26400,32767
365,Maximumsuche,26500,32767
366,Maximumsuche,26600,32767
367,Maximumsuche,26700,32767
368,Maximumsuche,26800,32767
369,Maximumsuche,26900,32767
370,Maximumsuche,27000,32767
371,Maximumsuche,27100,32767
372,Maximumsuche,27200,32767
373,Maximumsuche,27300,32767
374,Maximumsuche,27400,32767
375,Maximumsuche,27500,32767
376,Maximumsuche,27600,32767
377,Maximumsuche,27700,32767
378,Maximumsuche,27800,32767
379,Maximumsuche,27900,32767
380,Maximumsuche,28000,32767
381,Maximumsuche,28100,32767
382,Maximumsuche,28200,32767
383,Maximumsuche,28300,32767
384,Maximumsuche,28400,32767
385,Maximumsuche,28500,32767
386,Maximumsuche,28600,32767
387,Maximumsuche,28700,32767
388,Maximumsuche,28800,32767
389,Maximumsuche,28900,32767
390,Maximumsuche,29000,32767
391,Maximumsuche,29100,32767
392,Maximumsuche,29200,32767
393,Maximumsuche,29300,32767
394,Maximumsuche,29400,32767
395,Maximumsuche,29500,32767
396,Maximumsuche,29600,32767
397,Maximumsuche,29700,32767
398,Maximumsuche,29800,32767
399,Maximumsuche,29900,32767
400,Maximumsuche,30000,32767
401,Maximumsuche,30100,32767
402,Maximumsuche,30200,32767
403,Maximumsuche,30300,32767
404,Maximumsuche,30400,32767
405,Maximumsuche,30500,32767
406,Maximumsuche,30600,32767
407,Maximumsuche,30700,32767
408,Maximumsuche,30800,32767
409,Maximumsuche,30900,32767
410,Maximumsuche,31000,32767
411,Maximumsuche,31100,32767
412,Maximumsuche,31200,32767
413,Maximumsuche,31300,32767
414,Maximumsuche,31400,32767
415,Maximumsuche,31500,32767
416,Maximumsuche,31600,32767
417,Maximumsuche,31700,32767
418,Maximumsuche,31800,32767
419,Maximumsuche,31900,32767
420,Maximumsuche,32000,32767
421,Maximumsuche,32100,32767
422,Maximumsuche,32200,32767
423,Maximumsuche,32300,32767
424,Maximumsuche,32400,32767
425,Maximumsuche,32500,32767
426,Maximumsuche,32600,32767
427,Maximumsuche,32700,32767
428,Maximumsuche,32800,32767
429,Maximumsuche,32900,32767
430,Maximumsuche,33000,32767
431,Maximumsuche,33100,32767
432,Maximumsuche,33200,32767
433,Maximumsuche,33300,32767
434,Maximumsuche,33400,32767
435,Maximumsuche,33500,32767
436,Maximumsuche,33600,32767
437,Maximumsuche,33700,32767
438,Maximumsuche,33800,32767
439,Maximumsuche,33900,32767
440,Maximumsuche,34000,32767
441,Maximumsuche,34100,32767
442,Maximumsuche,34200,32767
443,Maximumsuche,34300,32767
444,Maximumsuche,34400,32767
445,Maximumsuche,34500,32767
446,Maximumsuche,34600,32767
447,Maximumsuche,34700,32767
448,Maximumsuche,34800,32767
449,Maximumsuche,34900,32767
450,Maximumsuche,35000,32767
451,Maximumsuche,35100,32767
452,Maximumsuche,35200,32767
453,Maximumsuche,35300,32767
454,Maximumsuche,35400,32767
455,Maximumsuche,35500,32767
456,Maximumsuche,35600,32767
457,Maximumsuche,35700,32767
458,Maximumsuche,35800,32767
459,Maximumsuche,35900,32767
460,Maximumsuche,36000,32767
461,Maximumsuche,36100,32767
462,Maximumsuche,36200,32767
463,Maximumsuche,36300,32767
464,Maximumsuche,36400,32767
465,Maximumsuche,36500,32767
466,Maximumsuche,36600,32767
467,Maximumsuche,36700,32767
468,Maximumsuche,36800,32767
469,Maximumsuche,36900,32767
470,Maximumsuche,37000,32767
471,Maximumsuche,37100,32767
472,Maximumsuche,37200,32767
473,Maximumsuche,37300,32767
474,Maximumsuche,37400,32767
475,Maximumsuche,37500,32767
476,Maximumsuche,37600,32767
477,Maximumsuche,37700,32767
478,Maximumsuche,37800,32767
479,Maximumsuche,37900,32767
480,Maximumsuche,38000,32767
481,Maximumsuche,38100,32767
482,Maximumsuche,38200,32767
483,Maximumsuche,38300,32767
484,Maximumsuche,38400,32767
485,Maximumsuche,38500,32767
486,Maximumsuche,38600,32767
487,Maximumsuche,38700,32767
488,Maximumsuche,38800,32767
489,Maximumsuche,38900,32767
490,Maximumsuche,39000,32767
491,Maximumsuche,39100,32767
492,Maximumsuche,39200,32767
493,Maximumsuche,39300,32767
494,Maximumsuche,39400,32767
495,Maximumsuche,39500,32767
496,Maximumsuche,39600,32767
497,Maximumsuche,39700,32767
498,Maximumsuche,39800,32767
499,Maximumsuche,39900,32767
500,Maximumsuche,40000,32767
501,Maximumsuche,40100,32767
502,Maximumsuche,40200,32767
503,Maximumsuche,40300,32767
504,Maximumsuche,40400,32767
505,Maximumsuche,40500,32767
506,Maximumsuche,40600,32767
507,Maximumsuche,40700,32767
508,Maximumsuche,40800,32767
509,Maximumsuche,40900,32767
510,Maximumsuche,41000,32767
511,Maximumsuche,41100,32767
512,Maximumsuche,41200,32767
513,Maximumsuche,41300,32767
514,Maximumsuche,41400,32767
515,Maximumsuche,41500,32767
516,Maximumsuche,41600,32767
517,Maximumsuche,41700,32767
518,Maximumsuche,41800,32767
519,Maximumsuche,41900,32767
520,Maximumsuche,42000,32767
521,Maximumsuche,42100,32767
522,Maximumsuche,42200,32767
523,Maximumsuche,42300,32767
524,Maximumsuche,42400,32767
525,Maximumsuche,42500,32767
526,Maximumsuche,42600,32767
527,Maximumsuche,42700,32767
528,Maximumsuche,42800,32767
529,Maximumsuche,42900,32767
530,Maximumsuche,43000,32767
531,Maximumsuche,43100,32767
532,Maximumsuche,43200,32767
533,Maximumsuche,43300,32767
534,Maximumsuche,43400,32767
535,Maximumsuche,43500,32767
536,Maximumsuche,43600,32767
537,Maximumsuche,43700,32767
538,Maximumsuche,43800,32767
539,Maximumsuche,43900,32767
540,Maximumsuche,44000,32767
541,Maximumsuche,44100,32767
542,Maximumsuche,44200,32767
543,Maximumsuche,44300,32767
544,Maximumsuche,44400,32767
545,Maximumsuche,44500,32767
546,Maximumsuche,44600,32767
547,Maximumsuche,44700,32767
548,Maximumsuche,44800,32767
549,Maximumsuche,44900,32767
550,Maximumsuche,45000,32767
551,Maximumsuche,45100,32767
552,Maximumsuche,45200,32767
553,Maximumsuche,45300,32767
554,Maximumsuche,45400,32767
555,Maximumsuche,45500,32767
556,Maximumsuche,45600,32767
557,Maximumsuche,45700,32767
558,Maximumsuche,45800,32767
559,Maximumsuche,45900,32767
560,Maximumsuche,46000,32767
561,Maximumsuche,46100,32767
562,Maximumsuche,46200,32767
563,Maximumsuche,46300,32767
564,Maximumsuche,46400,32767
565,Maximumsuche,46500,32767
566,Maximumsuche,46600,32767
567,Maximumsuche,46700,32767
568,Maximumsuche,46800,32767
569,Maximumsuche,46900,32767
570,Maximumsuche,47000,32767
571,Maximumsuche,47100,32767
572,Maximumsuche,47200,32767
573,Maximumsuche,47300,32767
574,Maximumsuche,47400,32767
575,Maximumsuche,47500,32767
576,Maximumsuche,47600,32767
577,Maximumsuche,47700,32767
578,Maximumsuche,47800,32767
579,Maximumsuche,47900,32767
580,Maximumsuche,48000,32767
581,Maximumsuche,48100,32767
582,Maximumsuche,48200,32767
583,Maximumsuche,48300,32767
584,Maximumsuche,48400,32767
585,Maximumsuche,48500,32767
586,Maximumsuche,48600,32767
587,Maximumsuche,48700,32767
588,Maximumsuche,48800,32767
589,Maximumsuche,48900,32767
590,Maximumsuche,49000,32767
591,Maximumsuche,49100,32767
592,Maximumsuche,49200,32767
593,Maximumsuche,49300,32767
594,Maximumsuche,49400,32767
595,Maximumsuche,49500,32767
596,Maximumsuche,49600,32767
597,Maximumsuche,49700,32767
598,Maximumsuche,49800,32767
599,Maximumsuche,49900,32767
600,Maximumsuche,50000,32767
601,Maximumsuche,50100,32767
602,Maximumsuche,50200,32767
603,Maximumsuche,50300,32767
604,Maximumsuche,50400,32767
605,Maximumsuche,50500,32767
606,Maximumsuche,50600,32767
607,Maximumsuche,50700,32767
608,Maximumsuche,50800,32767
609,Maximumsuche,50900,32767
610,Maximumsuche,51000,32767
611,Maximumsuche,51100,32767
612,Maximumsuche,51200,32767
613,Maximumsuche,51300,32767
614,Maximumsuche,51400,32767
615,Maximumsuche,51500,32767
616,Maximumsuche,51600,32767
617,Maximumsuche,51700,32767
618,Maximumsuche,51800,32767
619,Maximumsuche,51900,32767
620,Maximumsuche,52000,32767
621,Maximumsuche,52100,32767
622,Maximumsuche,52200,32767
623,Maximumsuche,52300,32767
624,Maximumsuche,52400,32767
625,Maximumsuche,52500,32767
626,Maximumsuche,52600,32767
627,Maximumsuche,52700,32767
628,Maximumsuche,52800,32767
629,Maximumsuche,52900,32767
630,Maximumsuche,53000,32767
631,Maximumsuche,53100,32767
632,Maximumsuche,53200,32767
633,Maximumsuche,53300,32767
634,Maximumsuche,53400,32767
635,Maximumsuche,53500,32767
636,Maximumsuche,53600,32767
637,Maximumsuche,53700,32767
638,Maximumsuche,53800,32767
639,Maximumsuche,53900,32767
640,Maximumsuche,54000,32767
641,Maximumsuche,54100,32767
642,Maximumsuche,54200,32767
643,Maximumsuche,54300,32767
644,Maximumsuche,54400,32767
645,Maximumsuche,54500,32767
646,Maximumsuche,54600,32767
647,Maximumsuche,54700,32767
648,Maximumsuche,54800,32767
649,Maximumsuche,54900,32767
650,Maximumsuche,55000,32767
651,Maximumsuche,55100,32767
652,Maximumsuche,55200,32767
653,Maximumsuche,55300,32767
654,Maximumsuche,55400,32767
655,Maximumsuche,55500,32767
656,Maximumsuche,55600,32767
657,Maximumsuche,55700,32767
658,Maximumsuche,55800,32767
659,Maximumsuche,55900,32767
660,Maximumsuche,56000,32767
661,Maximumsuche,56100,32767
662,Maximumsuche,56200,32767
663,Maximumsuche,56300,32767
664,Maximumsuche,56400,32767
665,Maximumsuche,56500,32767
666,Maximumsuche,56600,32767
667,Maximumsuche,56700,32767
668,Maximumsuche,56800,32767
669,Maximumsuche,56900,32767
670,Maximumsuche,57000,32767
671,Maximumsuche,57100,32767
672,Maximumsuche,57200,32767
673,Maximumsuche,57300,32767
674,Maximumsuche,57400,32767
675,Maximumsuche,57500,32767
676,Maximumsuche,57600,32767
677,Maximumsuche,57700,32767
678,Maximumsuche,57800,32767
679,Maximumsuche,57900,32767
680,Maximumsuche,58000,32767
681,Maximumsuche,58100,32767
682,Maximumsuche,58200,32767
683,Maximumsuche,58300,32767
684,Maximumsuche,58400,32767
685,Maximumsuche,58500,32767
686,Maximumsuche,58600,32767
687,Maximumsuche,58700,32767
688,Maximumsuche,58800,32767
689,Maximumsuche,58900,32767
690,Maximumsuche,59000,32767
691,Maximumsuche,59100,32767
692,Maximumsuche,59200,32767
693,Maximumsuche,59300,32767
694,Maximumsuche,59400,32767
695,Maximumsuche,59500,32767
696,Maximumsuche,59600,32767
697,Maximumsuche,59700,32767
698,Maximumsuche,59800,32767
699,Maximumsuche,59900,32767
700,Maximumsuche,60000,32767
701,Maximumsuche,60100,32767
702,Maximumsuche,60200,32767
703,Maximumsuche,60300,32767
704,Maximumsuche,60400,32767
705,Maximumsuche,60500,32767
706,Maximumsuche,60600,32767
707,Maximumsuche,60700,32767
708,Maximumsuche,60800,32767
709,Maximumsuche,60900,32767
710,Maximumsuche,61000,32767
711,Maximumsuche,61100,32767
712,Maximumsuche,61200,32767
713,Maximumsuche,61300,32767
714,Maximumsuche,61400,32767
715,Maximumsuche,61500,32767
716,Maximumsuche,61600,32767
717,Maximumsuche,61700,32767
718,Maximumsuche,61800,32767
719,Maximumsuche,61900,32767
720,Maximumsuche,62000,32767
721,Maximumsuche,62100,32767
722,Maximumsuche,62200,32767
723,Maximumsuche,62300,32767
724,Maximumsuche,62400,32767
725,Maximumsuche,62500,32767
726,Maximumsuche,62600,32767
727,Maximumsuche,62700,32767
728,Maximumsuche,62800,32767
729,Maximumsuche,62900,32767
730,Maximumsuche,63000,32767
731,Maximumsuche,63100,32767
732,Maximumsuche,63200,32767
733,Maximumsuche,63300,32767
734,Maximumsuche,63400,32767
735,Maximumsuche,63500,32767
736,Maximumsuche,63600,32767
737,Maximumsuche,63700,32767
738,Maximumsuche,63800,32767
739,Maximumsuche,63900,32767
740,Maximumsuche,64000,32767
741,Maximumsuche,64100,32767
742,Maximumsuche,64200,32767
743,Maximumsuche,64300,32767
744,Maximumsuche,64400,32767
745,Maximumsuche,64500,32767
746,Maximumsuche,64600,32767
747,Maximumsuche,64700,32767
748,Maximumsuche,64800,32767
749,Maximumsuche,64900,32767
750,Maximumsuche,65000,32767
751,Maximumsuche,65100,32767
752,Maximumsuche,65200,32767
753,Maximumsuche,65300,32767
754,Maximumsuche,65400,32767
755,Maximumsuche,65500,32767
756,Maximumsuche,65600,32767
757,Maximumsuche,65700,32767
758,Maximumsuche,65800,32767
759,Maximumsuche,65900,32767
760,Maximumsuche,66000,32767
761,Maximumsuche,66100,32767
762,Maximumsuche,66200,32767
763,Maximumsuche,66300,32767
764,Maximumsuche,66400,32767
765,Maximumsuche,66500,32767
766,Maximumsuche,66600,32767
767,Maximumsuche,66700,32767
768,Maximumsuche,66800,32767
769,Maximumsuche,66900,32767
770,Maximumsuche,67000,32767
771,Maximumsuche,67100,32767
772,Maximumsuche,67200,32767
773,Maximumsuche,67300,32767
774,Maximumsuche,67400,32767
775,Maximumsuche,67500,32767
776,Maximumsuche,67600,32767
777,Maximumsuche,67700,32767
778,Maximumsuche,67800,32767
779,Maximumsuche,67900,32767
780,Maximumsuche,68000,32767
781,Maximumsuche,68100,32767
782,Maximumsuche,68200,32767
783,Maximumsuche,68300,32767
784,Maximumsuche,68400,32767
785,Maximumsuche,68500,32767
786,Maximumsuche,68600,32767
787,Maximumsuche,68700,32767
788,Maximumsuche,68800,32767
789,Maximumsuche,68900,32767
790,Maximumsuche,69000,32767
791,Maximumsuche,69100,32767
792,Maximumsuche,69200,32767
793,Maximumsuche,69300,32767
794,Maximumsuche,69400,32767
795,Maximumsuche,69500,32767
796,Maximumsuche,69600,32767
797,Maximumsuche,69700,32767
798,Maximumsuche,69800,32767
799,Maximumsuche,69900,32767
800,Maximumsuche,70000,32767
801,Maximumsuche,70100,32767
802,Maximumsuche,70200,32767
803,Maximumsuche,70300,32767
804,Maximumsuche,70400,32767
805,Maximumsuche,70500,32767
806,Maximumsuche,70600,32767
807,Maximumsuche,70700,32767
808,Maximumsuche,70800,32767
809,Maximumsuche,70900,32767
810,Maximumsuche,71000,32767
811,Maximumsuche,71100,32767
812,Maximumsuche,71200,32767
813,Maximumsuche,71300,32767
814,Maximumsuche,71400,32767
815,Maximumsuche,71500,32767
816,Maximumsuche,71600,32767
817,Maximumsuche,71700,32767
818,Maximumsuche,71800,32767
819,Maximumsuche,71900,32767
820,Maximumsuche,72000,32767
821,Maximumsuche,72100,32767
822,Maximumsuche,72200,32767
823,Maximumsuche,72300,32767
824,Maximumsuche,72400,32767
825,Maximumsuche,72500,32767
826,Maximumsuche,72600,32767
827,Maximumsuche,72700,32767
828,Maximumsuche,72800,32767
829,Maximumsuche,72900,32767
830,Maximumsuche,73000,32767
831,Maximumsuche,73100,32767
832,Maximumsuche,73200,32767
833,Maximumsuche,73300,32767
834,Maximumsuche,73400,32767
835,Maximumsuche,73500,32767
836,Maximumsuche,73600,32767
837,Maximumsuche,73700,32767
838,Maximumsuche,73800,32767
839,Maximumsuche,73900,32767
840,Maximumsuche,74000,32767
841,Maximumsuche,74100,32767
842,Maximumsuche,74200,32767
843,Maximumsuche,74300,32767
844,Maximumsuche,74400,32767
845,Maximumsuche,74500,32767
846,Maximumsuche,74600,32767
847,Maximumsuche,74700,32767
848,Maximumsuche,74800,32767
849,Maximumsuche,74900,32767
850,Maximumsuche,75000,32767
851,Maximumsuche,75100,32767
852,Maximumsuche,75200,32767
853,Maximumsuche,75300,32767
854,Maximumsuche,75400,32767
855,Maximumsuche,75500,32767
856,Maximumsuche,75600,32767
857,Maximumsuche,75700,32767
858,Maximumsuche,75800,32767
859,Maximumsuche,75900,32767
860,Maximumsuche,76000,32767
861,Maximumsuche,76100,32767
862,Maximumsuche,76200,32767
863,Maximumsuche,76300,32767
864,Maximumsuche,76400,32767
865,Maximumsuche,76500,32767
866,Maximumsuche,76600,32767
867,Maximumsuche,76700,32767
868,Maximumsuche,76800,32767
869,Maximumsuche,76900,32767
870,Maximumsuche,77000,32767
871,Maximumsuche,77100,32767
872,Maximumsuche,77200,32767
873,Maximumsuche,77300,32767
874,Maximumsuche,77400,32767
875,Maximumsuche,77500,32767
876,Maximumsuche,77600,32767
877,Maximumsuche,77700,32767
878,Maximumsuche,77800,32767
879,Maximumsuche,77900,32767
880,Maximumsuche,78000,32767
881,Maximumsuche,78100,32767
882,Maximumsuche,78200,32767
883,Maximumsuche,78300,32767
884,Maximumsuche,78400,32767
885,Maximumsuche,78500,32767
886,Maximumsuche,78600,32767
887,Maximumsuche,78700,32767
888,Maximumsuche,78800,32767
889,Maximumsuche,78900,32767
890,Maximumsuche,79000,32767
891,Maximumsuche,79100,32767
892,Maximumsuche,79200,32767
893,Maximumsuche,79300,32767
894,Maximumsuche,79400,32767
895,Maximumsuche,79500,32767
896,Maximumsuche,79600,32767
897,Maximumsuche,79700,32767
898,Maximumsuche,79800,32767
899,Maximumsuche,79900,32767
900,Maximumsuche,80000,32767
901,Maximumsuche,80100,32767
902,Maximumsuche,80200,32767
903,Maximumsuche,80300,32767
904,Maximumsuche,80400,32767
905,Maximumsuche,80500,32767
906,Maximumsuche,80600,32767
907,Maximumsuche,80700,32767
908,Maximumsuche,80800,32767
909,Maximumsuche,80900,32767
910,Maximumsuche,81000,32767
911,Maximumsuche,81100,32767
912,Maximumsuche,81200,32767
913,Maximumsuche,81300,32767
914,Maximumsuche,81400,32767
915,Maximumsuche,81500,32767
916,Maximumsuche,81600,32767
917,Maximumsuche,81700,32767
918,Maximumsuche,81800,32767
919,Maximumsuche,81900,32767
920,Maximumsuche,82000,32767
921,Maximumsuche,82100,32767
922,Maximumsuche,82200,32767
923,Maximumsuche,82300,32767
924,Maximumsuche,82400,32767
925,Maximumsuche,82500,32767
926,Maximumsuche,82600,32767
927,Maximumsuche,82700,32767
928,Maximumsuche,82800,32767
929,Maximumsuche,82900,32767
930,Maximumsuche,83000,32767
931,Maximumsuche,83100,32767
932,Maximumsuche,83200,32767
933,Maximumsuche,83300,32767
934,Maximumsuche,83400,32767
935,Maximumsuche,83500,32767
936,Maximumsuche,83600,32767
937,Maximumsuche,83700,32767
938,Maximumsuche,83800,32767
939,Maximumsuche,83900,32767
940,Maximumsuche,84000,32767
941,Maximumsuche,84100,32767
942,Maximumsuche,84200,32767
943,Maximumsuche,84300,32767
944,Maximumsuche,84400,32767
945,Maximumsuche,84500,32767
946,Maximumsuche,84600,32767
947,Maximumsuche,84700,32767
948,Maximumsuche,84800,32767
949,Maximumsuche,84900,32767
950,Maximumsuche,85000,32767
951,Maximumsuche,85100,32767
952,Maximumsuche,85200,32767
953,Maximumsuche,85300,32767
954,Maximumsuche,85400,32767
955,Maximumsuche,85500,32767
956,Maximumsuche,85600,32767
957,Maximumsuche,85700,32767
958,Maximumsuche,85800,32767
959,Maximumsuche,85900,32767
960,Maximumsuche,86000,32767
961,Maximumsuche,86100,32767
962,Maximumsuche,86200,32767
963,Maximumsuche,86300,32767
964,Maximumsuche,86400,32767
965,Maximumsuche,86500,32767
966,Maximumsuche,86600,32767
967,Maximumsuche,86700,32767
968,Maximumsuche,86800,32767
969,Maximumsuche,86900,32767
970,Maximumsuche,87000,32767
971,Maximumsuche,87100,32767
972,Maximumsuche,87200,32767
973,Maximumsuche,87300,32767
974,Maximumsuche,87400,32767
975,Maximumsuche,87500,32767
976,Maximumsuche,87600,32767
977,Maximumsuche,87700,32767
978,Maximumsuche,87800,32767
979,Maximumsuche,87900,32767
980,Maximumsuche,88000,32767
981,Maximumsuche,88100,32767
982,Maximumsuche,88200,32767
983,Maximumsuche,88300,32767
984,Maximumsuche,88400,32767
985,Maximumsuche,88500,32767
986,Maximumsuche,88600,32767
987,Maximumsuche,88700,32767
988,Maximumsuche,88800,32767
989,Maximumsuche,88900,32767
990,Maximumsuche,89000,32767
991,Maximumsuche,89100,32767
992,Maximumsuche,89200,32767
993,Maximumsuche,89300,32767
994,Maximumsuche,89400,32767
995,Maximumsuche,89500,32767
996,Maximumsuche,89600,32767
997,Maximumsuche,89700,32767
998,Maximumsuche,89800,32767
999,Maximumsuche,89900,32767
1000,Maximumsuche,90000,32767
1001,Maximumsuche,90100,32767
1002,Maximumsuche,90200,32767
1003,Maximumsuche,90300,32767
1004,Maximumsuche,90400,32767
1005,Maximumsuche,90500,32767
1006,Maximumsuche,90600,32767
1007,Maximumsuche,90700,32767
1008,Maximumsuche,90800,32767
1009,Maximumsuche,90900,32767
1010,Maximumsuche,91000,32767
1011,Maximumsuche,91100,32767
1012,Maximumsuche,91200,32767
1013,Maximumsuche,91300,32767
1014,Maximumsuche,91400,32767
1015,Maximumsuche,91500,32767
1016,Maximumsuche,91600,32767
1017,Maximumsuche,91700,32767
1018,Maximumsuche,91800,32767
1019,Maximumsuche,91900,32767
1020,Maximumsuche,92000,32767
1021,Maximumsuche,92100,32767
1022,Maximumsuche,92200,32767
1023,Maximumsuche,92300,32767
1024,Maximumsuche,92400,32767
1025,Maximumsuche,92500,32767
1026,Maximumsuche,92600,32767
1027,Maximumsuche,92700,32767
1028,Maximumsuche,92800,32767
1029,Maximumsuche,92900,32767
1030,Maximumsuche,93000,32767
1031,Maximumsuche,93100,32767
1032,Maximumsuche,93200,32767
1033,Maximumsuche,93300,32767
1034,Maximumsuche,93400,32767
1035,Maximumsuche,93500,32767
1036,Maximumsuche,93600,32767
1037,Maximumsuche,93700,32767
1038,Maximumsuche,93800,32767
1039,Maximumsuche,93900,32767
1040,Maximumsuche,94000,32767
1041,Maximumsuche,94100,32767
1042,Maximumsuche,94200,32767
1043,Maximumsuche,94300,32767
1044,Maximumsuche,94400,32767
1045,Maximumsuche,94500,32767
1046,Maximumsuche,94600,32767
1047,Maximumsuche,94700,32767
1048,Maximumsuche,94800,32767
1049,Maximumsuche,94900,32767
1050,Maximumsuche,95000,32767
1051,Maximumsuche,95100,32767
1052,Maximumsuche,95200,32767
1053,Maximumsuche,95300,32767
1054,Maximumsuche,95400,32767
1055,Maximumsuche,95500,32767
1056,Maximumsuche,95600,32767
1057,Maximumsuche,95700,32767
1058,Maximumsuche,95800,32767
1059,Maximumsuche,95900,32767
1060,Maximumsuche,96000,32767
1061,Maximumsuche,96100,32767
1062,Maximumsuche,96200,32767
1063,Maximumsuche,96300,32767
1064,Maximumsuche,96400,32767
1065,Maximumsuche,96500,32767
1066,Maximumsuche,96600,32767
1067,Maximumsuche,96700,32767
1068,Maximumsuche,96800,32767
1069,Maximumsuche,96900,32767
1070,Maximumsuche,97000,32767
1071,Maximumsuche,97100,32767
1072,Maximumsuche,97200,32767
1073,Maximumsuche,97300,32767
1074,Maximumsuche,97400,32767
1075,Maximumsuche,97500,32767
1076,Maximumsuche,97600,32767
1077,Maximumsuche,97700,32767
1078,Maximumsuche,97800,32767
1079,Maximumsuche,97900,32767
1080,Maximumsuche,98000,32767
1081,Maximumsuche,98100,32767
1082,Maximumsuche,98200,32767
1083,Maximumsuche,98300,32767
1084,Maximumsuche,98400,32767
1085,Maximumsuche,98500,32767
1086,Maximumsuche,98600,32767
1087,Maximumsuche,98700,32767
1088,Maximumsuche,98800,32767
1089,Maximumsuche,98900,32767
1090,Maximumsuche,99000,32767
1091,Maximumsuche,99100,32767
1092,Maximumsuche,99200,32767
1093,Maximumsuche,99300,32767
1094,Maximumsuche,99400,32767
1095,Maximumsuche,99500,32767
1096,Maximumsuche,99600,32767
1097,Maximumsuche,99700,32767
1098,Maximumsuche,99800,32767
1099,Maximumsuche,99900,32767
1100,Maximumsuche,100000,32767
1101,Maximumsuche,100100,32767
1102,Maximumsuche,100200,32767
1103,Maximumsuche,100300,32767
1104,Maximumsuche,100400,32767
1105,Maximumsuche,100500,32767
1106,Maximumsuche,100600,32767
1107,Maximumsuche,100700,32767
1108,Maximumsuche,100800,32767
1109,Maximumsuche,100900,32767
1110,Maximumsuche,101000,32767
1111,Maximumsuche,101100,32767
1112,Maximumsuche,101200,32767
1113,Maximumsuche,101300,32767
1114,Maximumsuche,101400,32767
1115,Maximumsuche,101500,32767
1116,Maximumsuche,101600,32767
1117,Maximumsuche,101700,32767
1118,Maximumsuche,101800,32767
1119,Maximumsuche,101900,32767
1120,Maximumsuche,102000,32767
1121,Maximumsuche,102100,32767
1122,Maximumsuche,102200,32767
1123,Maximumsuche,102300,32767
1124,Maximumsuche,102400,32767
1125,Maximumsuche,102500,32767
1126,Maximumsuche,102600,32767
1127,Maximumsuche,102700,32767
1128,Maximumsuche,102800,32767
1129,Maximumsuche,102900,32767
1130,Maximumsuche,103000,32767
1131,Maximumsuche,103100,32767
1132,Maximumsuche,103200,32767
1133,Maximumsuche,103300,32767
1134,Maximumsuche,103400,32767
1135,Maximumsuche,103500,32767
1136,Maximumsuche,103600,32767
1137,Maximumsuche,103700,32767
1138,Maximumsuche,103800,32767
1139,Maximumsuche,103900,32767
1140,Maximumsuche,104000,32767
1141,Maximumsuche,104100,32767
1142,Maximumsuche,104200,32767
1143,Maximumsuche,104300,32767
1144,Maximumsuche,104400,32767
1145,Maximumsuche,104500,32767
1146,Maximumsuche,104600,32767
1147,Maximumsuche,104700,32767
1148,Maximumsuche,104800,32767
1149,Maximumsuche,104900,32767
1150,Maximumsuche,105000,32767
1151,Maximumsuche,105100,32767
1152,Maximumsuche,105200,32767
1153,Maximumsuche,105300,32767
1154,Maximumsuche,105400,32767
1155,Maximumsuche,105500,32767
1156,Maximumsuche,105600,32767
1157,Maximumsuche,105700,32767
1158,Maximumsuche,105800,32767
1159,Maximumsuche,105900,32767
1160,Maximumsuche,106000,32767
1161,Maximumsuche,106100,32767
1162,Maximumsuche,106200,32767
1163,Maximumsuche,106300,32767
1164,Maximumsuche,106400,32767
1165,Maximumsuche,106500,32767
1166,Maximumsuche,106600,32767
1167,Maximumsuche,106700,32767
1168,Maximumsuche,106800,32767
1169,Maximumsuche,106900,32767
1170,Maximumsuche,107000,32767
1171,Maximumsuche,107100,32767
1172,Maximumsuche,107200,32767
1173,Maximumsuche,107300,32767
1174,Maximumsuche,107400,32767
1175,Maximumsuche,107500,32767
1176,Maximumsuche,107600,32767
1177,Maximumsuche,107700,32767
1178,Maximumsuche,107800,32767
1179,Maximumsuche,107900,32767
1180,Maximumsuche,108000,32767
1181,Maximumsuche,108100,32767
1182,Maximumsuche,108200,32767
1183,Maximumsuche,108300,32767
1184,Maximumsuche,108400,32767
1185,Maximumsuche,108500,32767
1186,Maximumsuche,108600,32767
1187,Maximumsuche,108700,32767
1188,Maximumsuche,108800,32767
1189,Maximumsuche,108900,32767
1190,Maximumsuche,109000,32767
1191,Maximumsuche,109100,32767
1192,Maximumsuche,109200,32767
1193,Maximumsuche,109300,32767
1194,Maximumsuche,109400,32767
1195,Maximumsuche,109500,32767
1196,Maximumsuche,109600,32767
1197,Maximumsuche,109700,32767
1198,Maximumsuche,109800,32767
1199,Maximumsuche,109900,32767
1200,Maximumsuche,110000,32767
1201,Maximumsuche,110100,32767
1202,Maximumsuche,110200,32767
1203,Maximumsuche,110300,32767
1204,Maximumsuche,110400,32767
1205,Maximumsuche,110500,32767
1206,Maximumsuche,110600,32767
1207,Maximumsuche,110700,32767
1208,Maximumsuche,110800,32767
1209,Maximumsuche,110900,32767
1210,Maximumsuche,111000,32767
1211,Maximumsuche,111100,32767
1212,Maximumsuche,111200,32767
1213,Maximumsuche,111300,32767
1214,Maximumsuche,111400,32767
1215,Maximumsuche,111500,32767
1216,Maximumsuche,111600,32767
1217,Maximumsuche,111700,32767
1218,Maximumsuche,111800,32767
1219,Maximumsuche,111900,32767
1220,Maximumsuche,112000,32767
1221,Maximumsuche,112100,32767
1222,Maximumsuche,112200,32767
1223,Maximumsuche,112300,32767
1224,Maximumsuche,112400,32767
1225,Maximumsuche,112500,32767
1226,Maximumsuche,112600,32767
1227,Maximumsuche,112700,32767
1228,Maximumsuche,112800,32767
1229,Maximumsuche,112900,32767
1230,Maximumsuche,113000,32767
1231,Maximumsuche,113100,32767
1232,Maximumsuche,113200,32767
1233,Maximumsuche,113300,32767
1234,Maximumsuche,113400,32767
1235,Maximumsuche,113500,32767
1236,Maximumsuche,113600,32767
1237,Maximumsuche,113700,32767
1238,Maximumsuche,113800,32767
1239,Maximumsuche,113900,32767
1240,Maximumsuche,114000,32767
1241,Maximumsuche,114100,32767
1242,Maximumsuche,114200,32767
1243,Maximumsuche,114300,32767
1244,Maximumsuche,114400,32767
1245,Maximumsuche,114500,32767
1246,Maximumsuche,114600,32767
1247,Maximumsuche,114700,32767
1248,Maximumsuche,114800,32767
1249,Maximumsuche,114900,32767
1250,Maximumsuche,115000,32767
1251,Maximumsuche,115100,32767
1252,Maximumsuche,115200,32767
1253,Maximumsuche,115300,32767
1254,Maximumsuche,115400,32767
1255,Maximumsuche,115500,32767
1256,Maximumsuche,115600,32767
1257,Maximumsuche,115700,32767
1258,Maximumsuche,115800,32767
1259,Maximumsuche,115900,32767
1260,Maximumsuche,116000,32767
1261,Maximumsuche,116100,32767
1262,Maximumsuche,116200,32767
1263,Maximumsuche,116300,32767
1264,Maximumsuche,116400,32767
1265,Maximumsuche,116500,32767
1266,Maximumsuche,116600,32767
1267,Maximumsuche,116700,32767
1268,Maximumsuche,116800,32767
1269,Maximumsuche,116900,32767
1270,Maximumsuche,117000,32767
1271,Maximumsuche,117100,32767
1272,Maximumsuche,117200,32767
1273,Maximumsuche,117300,32767
1274,Maximumsuche,117400,32767
1275,Maximumsuche,117500,32767
1276,Maximumsuche,117600,32767
1277,Maximumsuche,117700,32767
1278,Maximumsuche,117800,32767
1279,Maximumsuche,117900,32767
1280,Maximumsuche,118000,32767
1281,Maximumsuche,118100,32767
1282,Maximumsuche,118200,32767
1283,Maximumsuche,118300,32767
1284,Maximumsuche,118400,32767
1285,Maximumsuche,118500,32767
1286,Maximumsuche,118600,32767
1287,Maximumsuche,118700,32767
1288,Maximumsuche,118800,32767
1289,Maximumsuche,118900,32767
1290,Maximumsuche,119000,32767
1291,Maximumsuche,119100,32767
1292,Maximumsuche,119200,32767
1293,Maximumsuche,119300,32767
1294,Maximumsuche,119400,32767
1295,Maximumsuche,119500,32767
1296,Maximumsuche,119600,32767
1297,Maximumsuche,119700,32767
1298,Maximumsuche,119800,32767
1299,Maximumsuche,119900,32767
1300,Maximumsuche,120000,32767
1301,Maximumsuche,120100,32767
1302,Maximumsuche,120200,32767
1303,Maximumsuche,120300,32767
1304,Maximumsuche,120400,32767
1305,Maximumsuche,120500,32767
1306,Maximumsuche,120600,32767
1307,Maximumsuche,120700,32767
1308,Maximumsuche,120800,32767
1309,Maximumsuche,120900,32767
1310,Maximumsuche,121000,32767
1311,Maximumsuche,121100,32767
1312,Maximumsuche,121200,32767
1313,Maximumsuche,121300,32767
1314,Maximumsuche,121400,32767
1315,Maximumsuche,121500,32767
1316,Maximumsuche,121600,32767
1317,Maximumsuche,121700,32767
1318,Maximumsuche,121800,32767
1319,Maximumsuche,121900,32767
1320,Maximumsuche,122000,32767
1321,Maximumsuche,122100,32767
1322,Maximumsuche,122200,32767
1323,Maximumsuche,122300,32767
1324,Maximumsuche,122400,32767
1325,Maximumsuche,122500,32767
1326,Maximumsuche,122600,32767
1327,Maximumsuche,122700,32767
1328,Maximumsuche,122800,32767
1329,Maximumsuche,122900,32767
1330,Maximumsuche,123000,32767
1331,Maximumsuche,123100,32767
1332,Maximumsuche,123200,32767
1333,Maximumsuche,123300,32767
1334,Maximumsuche,123400,32767
1335,Maximumsuche,123500,32767
1336,Maximumsuche,123600,32767
1337,Maximumsuche,123700,32767
1338,Maximumsuche,123800,32767
1339,Maximumsuche,123900,32767
1340,Maximumsuche,124000,32767
1341,Maximumsuche,124100,32767
1342,Maximumsuche,124200,32767
1343,Maximumsuche,124300,32767
1344,Maximumsuche,124400,32767
1345,Maximumsuche,124500,32767
1346,Maximumsuche,124600,32767
1347,Maximumsuche,124700,32767
1348,Maximumsuche,124800,32767
1349,Maximumsuche,124900,32767
1350,Maximumsuche,125000,32767
1351,Maximumsuche,125100,32767
1352,Maximumsuche,125200,32767
1353,Maximumsuche,125300,32767
1354,Maximumsuche,125400,32767
1355,Maximumsuche,125500,32767
1356,Maximumsuche,125600,32767
1357,Maximumsuche,125700,32767
1358,Maximumsuche,125800,32767
1359,Maximumsuche,125900,32767
1360,Maximumsuche,126000,32767
1361,Maximumsuche,126100,32767
1362,Maximumsuche,126200,32767
1363,Maximumsuche,126300,32767
1364,Maximumsuche,126400,32767
1365,Maximumsuche,126500,32767
1366,Maximumsuche,126600,32767
1367,Maximumsuche,126700,32767
1368,Maximumsuche,126800,32767
1369,Maximumsuche,126900,32767
1370,Maximumsuche,127000,32767
1371,Maximumsuche,127100,32767
1372,Maximumsuche,127200,32767
1373,Maximumsuche,127300,32767
1374,Maximumsuche,127400,32767
1375,Maximumsuche,127500,32767
1376,Maximumsuche,127600,32767
1377,Maximumsuche,127700,32767
1378,Maximumsuche,127800,32767
1379,Maximumsuche,127900,32767
1380,Maximumsuche,128000,32767
1381,Maximumsuche,128100,32767
1382,Maximumsuche,128200,32767
1383,Maximumsuche,128300,32767
1384,Maximumsuche,128400,32767
1385,Maximumsuche,128500,32767
1386,Maximumsuche,128600,32767
1387,Maximumsuche,128700,32767
1388,Maximumsuche,128800,32767
1389,Maximumsuche,128900,32767
1390,Maximumsuche,129000,32767
1391,Maximumsuche,129100,32767
1392,Maximumsuche,129200,32767
1393,Maximumsuche,129300,32767
1394,Maximumsuche,129400,32767
1395,Maximumsuche,129500,32767
1396,Maximumsuche,129600,32767
1397,Maximumsuche,129700,32767
1398,Maximumsuche,129800,32767
1399,Maximumsuche,129900,32767
1400,Maximumsuche,130000,32767
1401,Maximumsuche,130100,32767
1402,Maximumsuche,130200,32767
1403,Maximumsuche,130300,32767
1404,Maximumsuche,130400,32767
1405,Maximumsuche,130500,32767
1406,Maximumsuche,130600,32767
1407,Maximumsuche,130700,32767
1408,Maximumsuche,130800,32767
1409,Maximumsuche,130900,32767
1410,Maximumsuche,131000,32767
1411,Maximumsuche,131100,32767
1412,Maximumsuche,131200,32767
1413,Maximumsuche,131300,32767
1414,Maximumsuche,131400,32767
1415,Maximumsuche,131500,32767
1416,Maximumsuche,131600,32767
1417,Maximumsuche,131700,32767
1418,Maximumsuche,131800,32767
1419,Maximumsuche,131900,32767
1420,Maximumsuche,132000,32767
1421,Maximumsuche,132100,32767
1422,Maximumsuche,132200,32767
1423,Maximumsuche,132300,32767
1424,Maximumsuche,132400,32767
1425,Maximumsuche,132500,32767
1426,Maximumsuche,132600,32767
1427,Maximumsuche,132700,32767
1428,Maximumsuche,132800,32767
1429,Maximumsuche,132900,32767
1430,Maximumsuche,133000,32767
1431,Maximumsuche,133100,32767
1432,Maximumsuche,133200,32767
1433,Maximumsuche,133300,32767
1434,Maximumsuche,133400,32767
1435,Maximumsuche,133500,32767
1436,Maximumsuche,133600,32767
1437,Maximumsuche,133700,32767
1438,Maximumsuche,133800,32767
1439,Maximumsuche,133900,32767
1440,Maximumsuche,134000,32767
1441,Maximumsuche,134100,32767
1442,Maximumsuche,134200,32767
1443,Maximumsuche,134300,32767
1444,Maximumsuche,134400,32767
1445,Maximumsuche,134500,32767
1446,Maximumsuche,134600,32767
1447,Maximumsuche,134700,32767
1448,Maximumsuche,134800,32767
1449,Maximumsuche,134900,32767
1450,Maximumsuche,135000,32767
1451,Maximumsuche,135100,32767
1452,Maximumsuche,135200,32767
1453,Maximumsuche,135300,32767
1454,Maximumsuche,135400,32767
1455,Maximumsuche,135500,32767
1456,Maximumsuche,135600,32767
1457,Maximumsuche,135700,32767
1458,Maximumsuche,135800,32767
1459,Maximumsuche,135900,32767
1460,Maximumsuche,136000,32767
1461,Maximumsuche,136100,32767
1462,Maximumsuche,136200,32767
1463,Maximumsuche,136300,32767
1464,Maximumsuche,136400,32767
1465,Maximumsuche,136500,32767
1466,Maximumsuche,136600,32767
1467,Maximumsuche,136700,32767
1468,Maximumsuche,136800,32767
1469,Maximumsuche,136900,32767
1470,Maximumsuche,137000,32767
1471,Maximumsuche,137100,32767
1472,Maximumsuche,137200,32767
1473,Maximumsuche,137300,32767
1474,Maximumsuche,137400,32767
1475,Maximumsuche,137500,32767
1476,Maximumsuche,137600,32767
1477,Maximumsuche,137700,32767
1478,Maximumsuche,137800,32767
1479,Maximumsuche,137900,32767
1480,Maximumsuche,138000,32767
1481,Maximumsuche,138100,32767
1482,Maximumsuche,138200,32767
1483,Maximumsuche,138300,32767
1484,Maximumsuche,138400,32767
1485,Maximumsuche,138500,32767
1486,Maximumsuche,138600,32767
1487,Maximumsuche,138700,32767
1488,Maximumsuche,138800,32767
1489,Maximumsuche,138900,32767
1490,Maximumsuche,139000,32767
1491,Maximumsuche,139100,32767
1492,Maximumsuche,139200,32767
1493,Maximumsuche,139300,32767
1494,Maximumsuche,139400,32767
1495,Maximumsuche,139500,32767
1496,Maximumsuche,139600,32767
1497,Maximumsuche,139700,32767
1498,Maximumsuche,139800,32767
1499,Maximumsuche,139900,32767
1500,Maximumsuche,140000,32767
1501,Maximumsuche,140100,32767
1502,Maximumsuche,140200,32767
1503,Maximumsuche,140300,32767
1504,Maximumsuche,140400,32767
1505,Maximumsuche,140500,32767
1506,Maximumsuche,140600,32767
1507,Maximumsuche,140700,32767
1508,Maximumsuche,140800,32767
1509,Maximumsuche,140900,32767
1510,Maximumsuche,141000,32767
1511,Maximumsuche,141100,32767
1512,Maximumsuche,141200,32767
1513,Maximumsuche,141300,32767
1514,Maximumsuche,141400,32767
1515,Maximumsuche,141500,32767
1516,Maximumsuche,141600,32767
1517,Maximumsuche,141700,32767
1518,Maximumsuche,141800,32767
1519,Maximumsuche,141900,32767
1520,Maximumsuche,142000,32767
1521,Maximumsuche,142100,32767
1522,Maximumsuche,142200,32767
1523,Maximumsuche,142300,32767
1524,Maximumsuche,142400,32767
1525,Maximumsuche,142500,32767
1526,Maximumsuche,142600,32767
1527,Maximumsuche,142700,32767
1528,Maximumsuche,142800,32767
1529,Maximumsuche,142900,32767
1530,Maximumsuche,143000,32767
1531,Maximumsuche,143100,32767
1532,Maximumsuche,143200,32767
1533,Maximumsuche,143300,32767
1534,Maximumsuche,143400,32767
1535,Maximumsuche,143500,32767
1536,Maximumsuche,143600,32767
1537,Maximumsuche,143700,32767
1538,Maximumsuche,143800,32767
1539,Maximumsuche,143900,32767
1540,Maximumsuche,144000,32767
1541,Maximumsuche,144100,32767
1542,Maximumsuche,144200,32767
1543,Maximumsuche,144300,32767
1544,Maximumsuche,144400,32767
1545,Maximumsuche,144500,32767
1546,Maximumsuche,144600,32767
1547,Maximumsuche,144700,32767
1548,Maximumsuche,144800,32767
1549,Maximumsuche,144900,32767
1550,Maximumsuche,145000,32767
1551,Maximumsuche,145100,32767
1552,Maximumsuche,145200,32767
1553,Maximumsuche,145300,32767
1554,Maximumsuche,145400,32767
1555,Maximumsuche,145500,32767
1556,Maximumsuche,145600,32767
1557,Maximumsuche,145700,32767
1558,Maximumsuche,145800,32767
1559,Maximumsuche,145900,32767
1560,Maximumsuche,146000,32767
1561,Maximumsuche,146100,32767
1562,Maximumsuche,146200,32767
1563,Maximumsuche,146300,32767
1564,Maximumsuche,146400,32767
1565,Maximumsuche,146500,32767
1566,Maximumsuche,146600,32767
1567,Maximumsuche,146700,32767
1568,Maximumsuche,146800,32767
1569,Maximumsuche,146900,32767
1570,Maximumsuche,147000,32767
1571,Maximumsuche,147100,32767
1572,Maximumsuche,147200,32767
1573,Maximumsuche,147300,32767
1574,Maximumsuche,147400,32767
1575,Maximumsuche,147500,32767
1576,Maximumsuche,147600,32767
1577,Maximumsuche,147700,32767
1578,Maximumsuche,147800,32767
1579,Maximumsuche,147900,32767
1580,Maximumsuche,148000,32767
1581,Maximumsuche,148100,32767
1582,Maximumsuche,148200,32767
1583,Maximumsuche,148300,32767
1584,Maximumsuche,148400,32767
1585,Maximumsuche,148500,32767
1586,Maximumsuche,148600,32767
1587,Maximumsuche,148700,32767
1588,Maximumsuche,148800,32767
1589,Maximumsuche,148900,32767
1590,Maximumsuche,149000,32767
1591,Maximumsuche,149100,32767
1592,Maximumsuche,149200,32767
1593,Maximumsuche,149300,32767
1594,Maximumsuche,149400,32767
1595,Maximumsuche,149500,32767
1596,Maximumsuche,149600,32767
1597,Maximumsuche,149700,32767
1598,Maximumsuche,149800,32767
1599,Maximumsuche,149900,32767
1600,Maximumsuche,150000,32767
1601,Maximumsuche,150100,32767
1602,Maximumsuche,150200,32767
1603,Maximumsuche,150300,32767
1604,Maximumsuche,150400,32767
1605,Maximumsuche,150500,32767
1606,Maximumsuche,150600,32767
1607,Maximumsuche,150700,32767
1608,Maximumsuche,150800,32767
1609,Maximumsuche,150900,32767
1610,Maximumsuche,151000,32767
1611,Maximumsuche,151100,32767
1612,Maximumsuche,151200,32767
1613,Maximumsuche,151300,32767
1614,Maximumsuche,151400,32767
1615,Maximumsuche,151500,32767
1616,Maximumsuche,151600,32767
1617,Maximumsuche,151700,32767
1618,Maximumsuche,151800,32767
1619,Maximumsuche,151900,32767
1620,Maximumsuche,152000,32767
1621,Maximumsuche,152100,32767
1622,Maximumsuche,152200,32767
1623,Maximumsuche,152300,32767
1624,Maximumsuche,152400,32767
1625,Maximumsuche,152500,32767
1626,Maximumsuche,152600,32767
1627,Maximumsuche,152700,32767
1628,Maximumsuche,152800,32767
1629,Maximumsuche,152900,32767
1630,Maximumsuche,153000,32767
1631,Maximumsuche,153100,32767
1632,Maximumsuche,153200,32767
1633,Maximumsuche,153300,32767
1634,Maximumsuche,153400,32767
1635,Maximumsuche,153500,32767
1636,Maximumsuche,153600,32767
1637,Maximumsuche,153700,32767
1638,Maximumsuche,153800,32767
1639,Maximumsuche,153900,32767
1640,Maximumsuche,154000,32767
1641,Maximumsuche,154100,32767
1642,Maximumsuche,154200,32767
1643,Maximumsuche,154300,32767
1644,Maximumsuche,154400,32767
1645,Maximumsuche,154500,32767
1646,Maximumsuche,154600,32767
1647,Maximumsuche,154700,32767
1648,Maximumsuche,154800,32767
1649,Maximumsuche,154900,32767
1650,Maximumsuche,155000,32767
1651,Maximumsuche,155100,32767
1652,Maximumsuche,155200,32767
1653,Maximumsuche,155300,32767
1654,Maximumsuche,155400,32767
1655,Maximumsuche,155500,32767
1656,Maximumsuche,155600,32767
1657,Maximumsuche,155700,32767
1658,Maximumsuche,155800,32767
1659,Maximumsuche,155900,32767
1660,Maximumsuche,156000,32767
1661,Maximumsuche,156100,32767
1662,Maximumsuche,156200,32767
1663,Maximumsuche,156300,32767
1664,Maximumsuche,156400,32767
1665,Maximumsuche,156500,32767
1666,Maximumsuche,156600,32767
1667,Maximumsuche,156700,32767
1668,Maximumsuche,156800,32767
1669,Maximumsuche,156900,32767
1670,Maximumsuche,157000,32767
1671,Maximumsuche,157100,32767
1672,Maximumsuche,157200,32767
1673,Maximumsuche,157300,32767
1674,Maximumsuche,157400,32767
1675,Maximumsuche,157500,32767
1676,Maximumsuche,157600,32767
1677,Maximumsuche,157700,32767
1678,Maximumsuche,157800,32767
1679,Maximumsuche,157900,32767
1680,Maximumsuche,158000,32767
1681,Maximumsuche,158100,32767
1682,Maximumsuche,158200,32767
1683,Maximumsuche,158300,32767
1684,Maximumsuche,158400,32767
1685,Maximumsuche,158500,32767
1686,Maximumsuche,158600,32767
1687,Maximumsuche,158700,32767
1688,Maximumsuche,158800,32767
1689,Maximumsuche,158900,32767
1690,Maximumsuche,159000,32767
1691,Maximumsuche,159100,32767
1692,Maximumsuche,159200,32767
1693,Maximumsuche,159300,32767
1694,Maximumsuche,159400,32767
1695,Maximumsuche,159500,32767
1696,Maximumsuche,159600,32767
1697,Maximumsuche,159700,32767
1698,Maximumsuche,159800,32767
1699,Maximumsuche,159900,32767
1700,Maximumsuche,160000,32767
1701,Maximumsuche,160100,32767
1702,Maximumsuche,160200,32767
1703,Maximumsuche,160300,32767
1704,Maximumsuche,160400,32767
1705,Maximumsuche,160500,32767
1706,Maximumsuche,160600,32767
1707,Maximumsuche,160700,32767
1708,Maximumsuche,160800,32767
1709,Maximumsuche,160900,32767
1710,Maximumsuche,161000,32767
1711,Maximumsuche,161100,32767
1712,Maximumsuche,161200,32767
1713,Maximumsuche,161300,32767
1714,Maximumsuche,161400,32767
1715,Maximumsuche,161500,32767
1716,Maximumsuche,161600,32767
1717,Maximumsuche,161700,32767
1718,Maximumsuche,161800,32767
1719,Maximumsuche,161900,32767
1720,Maximumsuche,162000,32767
1721,Maximumsuche,162100,32767
1722,Maximumsuche,162200,32767
1723,Maximumsuche,162300,32767
1724,Maximumsuche,162400,32767
1725,Maximumsuche,162500,32767
1726,Maximumsuche,162600,32767
1727,Maximumsuche,162700,32767
1728,Maximumsuche,162800,32767
1729,Maximumsuche,162900,32767
1730,Maximumsuche,163000,32767
1731,Maximumsuche,163100,32767
1732,Maximumsuche,163200,32767
1733,Maximumsuche,163300,32767
1734,Maximumsuche,163400,32767
1735,Maximumsuche,163500,32767
1736,Maximumsuche,163600,32767
1737,Maximumsuche,163700,32767
1738,Maximumsuche,163800,32767
1739,Maximumsuche,163900,32767
1740,Maximumsuche,164000,32767
1741,Maximumsuche,164100,32767
1742,Maximumsuche,164200,32767
1743,Maximumsuche,164300,32767
1744,Maximumsuche,164400,32767
1745,Maximumsuche,164500,32767
1746,Maximumsuche,164600,32767
1747,Maximumsuche,164700,32767
1748,Maximumsuche,164800,32767
1749,Maximumsuche,164900,32767
1750,Maximumsuche,165000,32767
1751,Maximumsuche,165100,32767
1752,Maximumsuche,165200,32767
1753,Maximumsuche,165300,32767
1754,Maximumsuche,165400,32767
1755,Maximumsuche,165500,32767
1756,Maximumsuche,165600,32767
1757,Maximumsuche,165700,32767
1758,Maximumsuche,165800,32767
1759,Maximumsuche,165900,32767
1760,Maximumsuche,166000,32767
1761,Maximumsuche,166100,32767
1762,Maximumsuche,166200,32767
1763,Maximumsuche,166300,32767
1764,Maximumsuche,166400,32767
1765,Maximumsuche,166500,32767
1766,Maximumsuche,166600,32767
1767,Maximumsuche,166700,32767
1768,Maximumsuche,166800,32767
1769,Maximumsuche,166900,32767
1770,Maximumsuche,167000,32767
1771,Maximumsuche,167100,32767
1772,Maximumsuche,167200,32767
1773,Maximumsuche,167300,32767
1774,Maximumsuche,167400,32767
1775,Maximumsuche,167500,32767
1776,Maximumsuche,167600,32767
1777,Maximumsuche,167700,32767
1778,Maximumsuche,167800,32767
1779,Maximumsuche,167900,32767
1780,Maximumsuche,168000,32767
1781,Maximumsuche,168100,32767
1782,Maximumsuche,168200,32767
1783,Maximumsuche,168300,32767
1784,Maximumsuche,168400,32767
1785,Maximumsuche,168500,32767
1786,Maximumsuche,168600,32767
1787,Maximumsuche,168700,32767
1788,Maximumsuche,168800,32767
1789,Maximumsuche,168900,32767
1790,Maximumsuche,169000,32767
1791,Maximumsuche,169100,32767
1792,Maximumsuche,169200,32767
1793,Maximumsuche,169300,32767
1794,Maximumsuche,169400,32767
1795,Maximumsuche,169500,32767
1796,Maximumsuche,169600,32767
1797,Maximumsuche,169700,32767
1798,Maximumsuche,169800,32767
1799,Maximumsuche,169900,32767
1800,Maximumsuche,170000,32767
1801,Maximumsuche,170100,32767
1802,Maximumsuche,170200,32767
1803,Maximumsuche,170300,32767
1804,Maximumsuche,170400,32767
1805,Maximumsuche,170500,32767
1806,Maximumsuche,170600,32767
1807,Maximumsuche,170700,32767
1808,Maximumsuche,170800,32767
1809,Maximumsuche,170900,32767
1810,Maximumsuche,171000,32767
1811,Maximumsuche,171100,32767
1812,Maximumsuche,171200,32767
1813,Maximumsuche,171300,32767
1814,Maximumsuche,171400,32767
1815,Maximumsuche,171500,32767
1816,Maximumsuche,171600,32767
1817,Maximumsuche,171700,32767
1818,Maximumsuche,171800,32767
1819,Maximumsuche,171900,32767
1820,Maximumsuche,172000,32767
1821,Maximumsuche,172100,32767
1822,Maximumsuche,172200,32767
1823,Maximumsuche,172300,32767
1824,Maximumsuche,172400,32767
1825,Maximumsuche,172500,32767
1826,Maximumsuche,172600,32767
1827,Maximumsuche,172700,32767
1828,Maximumsuche,172800,32767
1829,Maximumsuche,172900,32767
1830,Maximumsuche,173000,32767
1831,Maximumsuche,173100,32767
1832,Maximumsuche,173200,32767
1833,Maximumsuche,173300,32767
1834,Maximumsuche,173400,32767
1835,Maximumsuche,173500,32767
1836,Maximumsuche,173600,32767
1837,Maximumsuche,173700,32767
1838,Maximumsuche,173800,32767
1839,Maximumsuche,173900,32767
1840,Maximumsuche,174000,32767
1841,Maximumsuche,174100,32767
1842,Maximumsuche,174200,32767
1843,Maximumsuche,174300,32767
1844,Maximumsuche,174400,32767
1845,Maximumsuche,174500,32767
1846,Maximumsuche,174600,32767
1847,Maximumsuche,174700,32767
1848,Maximumsuche,174800,32767
1849,Maximumsuche,174900,32767
1850,Maximumsuche,175000,32767
1851,Maximumsuche,175100,32767
1852,Maximumsuche,175200,32767
1853,Maximumsuche,175300,32767
1854,Maximumsuche,175400,32767
1855,Maximumsuche,175500,32767
1856,Maximumsuche,175600,32767
1857,Maximumsuche,175700,32767
1858,Maximumsuche,175800,32767
1859,Maximumsuche,175900,32767
1860,Maximumsuche,176000,32767
1861,Maximumsuche,176100,32767
1862,Maximumsuche,176200,32767
1863,Maximumsuche,176300,32767
1864,Maximumsuche,176400,32767
1865,Maximumsuche,176500,32767
1866,Maximumsuche,176600,32767
1867,Maximumsuche,176700,32767
1868,Maximumsuche,176800,32767
1869,Maximumsuche,176900,32767
1870,Maximumsuche,177000,32767
1871,Maximumsuche,177100,32767
1872,Maximumsuche,177200,32767
1873,Maximumsuche,177300,32767
1874,Maximumsuche,177400,32767
1875,Maximumsuche,177500,32767
1876,Maximumsuche,177600,32767
1877,Maximumsuche,177700,32767
1878,Maximumsuche,177800,32767
1879,Maximumsuche,177900,32767
1880,Maximumsuche,178000,32767
1881,Maximumsuche,178100,32767
1882,Maximumsuche,178200,32767
1883,Maximumsuche,178300,32767
1884,Maximumsuche,178400,32767
1885,Maximumsuche,178500,32767
1886,Maximumsuche,178600,32767
1887,Maximumsuche,178700,32767
1888,Maximumsuche,178800,32767
1889,Maximumsuche,178900,32767
1890,Maximumsuche,179000,32767
1891,Maximumsuche,179100,32767
1892,Maximumsuche,179200,32767
1893,Maximumsuche,179300,32767
1894,Maximumsuche,179400,32767
1895,Maximumsuche,179500,32767
1896,Maximumsuche,179600,32767
1897,Maximumsuche,179700,32767
1898,Maximumsuche,179800,32767
1899,Maximumsuche,179900,32767
1900,Maximumsuche,180000,32767
1901,Maximumsuche,180100,32767
1902,Maximumsuche,180200,32767
1903,Maximumsuche,180300,32767
1904,Maximumsuche,180400,32767
1905,Maximumsuche,180500,32767
1906,Maximumsuche,180600,32767
1907,Maximumsuche,180700,32767
1908,Maximumsuche,180800,32767
1909,Maximumsuche,180900,32767
1910,Maximumsuche,181000,32767
1911,Maximumsuche,181100,32767
1912,Maximumsuche,181200,32767
1913,Maximumsuche,181300,32767
1914,Maximumsuche,181400,32767
1915,Maximumsuche,181500,32767
1916,Maximumsuche,181600,32767
1917,Maximumsuche,181700,32767
1918,Maximumsuche,181800,32767
1919,Maximumsuche,181900,32767
1920,Maximumsuche,182000,32767
1921,Maximumsuche,182100,32767
1922,Maximumsuche,182200,32767
1923,Maximumsuche,182300,32767
1924,Maximumsuche,182400,32767
1925,Maximumsuche,182500,32767
1926,Maximumsuche,182600,32767
1927,Maximumsuche,182700,32767
1928,Maximumsuche,182800,32767
1929,Maximumsuche,182900,32767
1930,Maximumsuche,183000,32767
1931,Maximumsuche,183100,32767
1932,Maximumsuche,183200,32767
1933,Maximumsuche,183300,32767
1934,Maximumsuche,183400,32767
1935,Maximumsuche,183500,32767
1936,Maximumsuche,183600,32767
1937,Maximumsuche,183700,32767
1938,Maximumsuche,183800,32767
1939,Maximumsuche,183900,32767
1940,Maximumsuche,184000,32767
1941,Maximumsuche,184100,32767
1942,Maximumsuche,184200,32767
1943,Maximumsuche,184300,32767
1944,Maximumsuche,184400,32767
1945,Maximumsuche,184500,32767
1946,Maximumsuche,184600,32767
1947,Maximumsuche,184700,32767
1948,Maximumsuche,184800,32767
1949,Maximumsuche,184900,32767
1950,Maximumsuche,185000,32767
1951,Maximumsuche,185100,32767
1952,Maximumsuche,185200,32767
1953,Maximumsuche,185300,32767
1954,Maximumsuche,185400,32767
1955,Maximumsuche,185500,32767
1956,Maximumsuche,185600,32767
1957,Maximumsuche,185700,32767
1958,Maximumsuche,185800,32767
1959,Maximumsuche,185900,32767
1960,Maximumsuche,186000,32767
1961,Maximumsuche,186100,32767
1962,Maximumsuche,186200,32767
1963,Maximumsuche,186300,32767
1964,Maximumsuche,186400,32767
1965,Maximumsuche,186500,32767
1966,Maximumsuche,186600,32767
1967,Maximumsuche,186700,32767
1968,Maximumsuche,186800,32767
1969,Maximumsuche,186900,32767
1970,Maximumsuche,187000,32767
1971,Maximumsuche,187100,32767
1972,Maximumsuche,187200,32767
1973,Maximumsuche,187300,32767
1974,Maximumsuche,187400,32767
1975,Maximumsuche,187500,32767
1976,Maximumsuche,187600,32767
1977,Maximumsuche,187700,32767
1978,Maximumsuche,187800,32767
1979,Maximumsuche,187900,32767
1980,Maximumsuche,188000,32767
1981,Maximumsuche,188100,32767
1982,Maximumsuche,188200,32767
1983,Maximumsuche,188300,32767
1984,Maximumsuche,188400,32767
1985,Maximumsuche,188500,32767
1986,Maximumsuche,188600,32767
1987,Maximumsuche,188700,32767
1988,Maximumsuche,188800,32767
1989,Maximumsuche,188900,32767
1990,Maximumsuche,189000,32767
1991,Maximumsuche,189100,32767
1992,Maximumsuche,189200,32767
1993,Maximumsuche,189300,32767
1994,Maximumsuche,189400,32767
1995,Maximumsuche,189500,32767
1996,Maximumsuche,189600,32767
1997,Maximumsuche,189700,32767
1998,Maximumsuche,189800,32767
1999,Maximumsuche,189900,32767
2000,Maximumsuche,190000,32767
2001,Maximumsuche,190100,32767
2002,Maximumsuche,190200,32767
2003,Maximumsuche,190300,32767
2004,Maximumsuche,190400,32767
2005,Maximumsuche,190500,32767
2006,Maximumsuche,190600,32767
2007,Maximumsuche,190700,32767
2008,Maximumsuche,190800,32767
2009,Maximumsuche,190900,32767
2010,Maximumsuche,191000,32767
2011,Maximumsuche,191100,32767
2012,Maximumsuche,191200,32767
2013,Maximumsuche,191300,32767
2014,Maximumsuche,191400,32767
2015,Maximumsuche,191500,32767
2016,Maximumsuche,191600,32767
2017,Maximumsuche,191700,32767
2018,Maximumsuche,191800,32767
2019,Maximumsuche,191900,32767
2020,Maximumsuche,192000,32767
2021,Maximumsuche,192100,32767
2022,Maximumsuche,192200,32767
2023,Maximumsuche,192300,32767
2024,Maximumsuche,192400,32767
2025,Maximumsuche,192500,32767
2026,Maximumsuche,192600,32767
2027,Maximumsuche,192700,32767
2028,Maximumsuche,192800,32767
2029,Maximumsuche,192900,32767
2030,Maximumsuche,193000,32767
2031,Maximumsuche,193100,32767
2032,Maximumsuche,193200,32767
2033,Maximumsuche,193300,32767
2034,Maximumsuche,193400,32767
2035,Maximumsuche,193500,32767
2036,Maximumsuche,193600,32767
2037,Maximumsuche,193700,32767
2038,Maximumsuche,193800,32767
2039,Maximumsuche,193900,32767
2040,Maximumsuche,194000,32767
2041,Maximumsuche,194100,32767
2042,Maximumsuche,194200,32767
2043,Maximumsuche,194300,32767
2044,Maximumsuche,194400,32767
2045,Maximumsuche,194500,32767
2046,Maximumsuche,194600,32767
2047,Maximumsuche,194700,32767
2048,Maximumsuche,194800,32767
2049,Maximumsuche,194900,32767
2050,Maximumsuche,195000,32767
2051,Maximumsuche,195100,32767
2052,Maximumsuche,195200,32767
2053,Maximumsuche,195300,32767
2054,Maximumsuche,195400,32767
2055,Maximumsuche,195500,32767
2056,Maximumsuche,195600,32767
2057,Maximumsuche,195700,32767
2058,Maximumsuche,195800,32767
2059,Maximumsuche,195900,32767
2060,Maximumsuche,196000,32767
2061,Maximumsuche,196100,32767
2062,Maximumsuche,196200,32767
2063,Maximumsuche,196300,32767
2064,Maximumsuche,196400,32767
2065,Maximumsuche,196500,32767
2066,Maximumsuche,196600,32767
2067,Maximumsuche,196700,32767
2068,Maximumsuche,196800,32767
2069,Maximumsuche,196900,32767
2070,Maximumsuche,197000,32767
2071,Maximumsuche,197100,32767
2072,Maximumsuche,197200,32767
2073,Maximumsuche,197300,32767
2074,Maximumsuche,197400,32767
2075,Maximumsuche,197500,32767
2076,Maximumsuche,197600,32767
2077,Maximumsuche,197700,32767
2078,Maximumsuche,197800,32767
2079,Maximumsuche,197900,32767
2080,Maximumsuche,198000,32767
2081,Maximumsuche,198100,32767
2082,Maximumsuche,198200,32767
2083,Maximumsuche,198300,32767
2084,Maximumsuche,198400,32767
2085,Maximumsuche,198500,32767
2086,Maximumsuche,198600,32767
2087,Maximumsuche,198700,32767
2088,Maximumsuche,198800,32767
2089,Maximumsuche,198900,32767
2090,Maximumsuche,199000,32767
2091,Maximumsuche,199100,32767
2092,Maximumsuche,199200,32767
2093,Maximumsuche,199300,32767
2094,Maximumsuche,199400,32767
2095,Maximumsuche,199500,32767
2096,Maximumsuche,199600,32767
2097,Maximumsuche,199700,32767
2098,Maximumsuche,199800,32767
2099,Maximumsuche,199900,32767
